year,state,state_code,region,vfr_share_visitor,vfr_share_tourist,holiday_share_visitor,holiday_share_tourist,shopping_share_visitor,shopping_share_tourist,entertainment_share_visitor,entertainment_share_tourist,business_share_visitor,business_share_tourist,medical_share_visitor,medical_share_tourist,religious_share_visitor,religious_share_tourist,incentive_others_share_visitor,incentive_others_share_tourist
2018,Johor,MY-01,Southern,64.58,85.86,6.96,7.11,15.93,2.84,2.75,0.23,1.36,1.17,4.2,0.54,1.64,0.57,2.58,1.68
2018,Kedah,MY-02,Northern,61.28,73.05,11.71,21.99,19.65,0.55,1.56,0.03,2.09,2.75,2.9,0.36,0.0,0.0,0.81,1.27
2018,Kelantan,MY-03,East Coast,65.39,85.52,3.48,4.82,17.48,1.31,1.01,1.06,0.79,0.81,7.01,0.55,0.83,0.0,4.01,5.93
2018,Melaka,MY-04,Southern,20.05,59.87,12.54,34.05,38.99,0.03,17.07,0.08,1.11,2.79,8.22,0.15,1.26,2.58,0.76,0.45
2018,Negeri Sembilan,MY-05,Central,50.72,76.47,13.15,21.69,23.99,0.34,1.23,0.0,0.76,0.54,8.26,0.11,0.83,0.0,1.06,0.85
2018,Pahang,MY-06,East Coast,42.89,62.19,21.65,33.44,26.87,1.85,1.65,0.43,1.9,0.94,3.16,0.34,0.25,0.0,1.63,0.81
2018,Perak,MY-08,Northern,56.4,81.68,17.42,13.81,16.15,0.0,3.05,0.2,1.26,1.22,2.77,0.27,1.86,2.22,1.09,0.6
2018,Perlis,MY-09,Northern,56.81,79.99,10.59,17.63,28.86,0.0,0.99,0.0,1.33,0.0,0.49,0.35,0.12,0.0,0.81,2.03
2018,Pulau Pinang,MY-07,Northern,27.69,62.7,8.46,32.13,54.85,0.96,5.42,0.92,0.93,2.15,1.49,0.44,0.65,0.7,0.51,0.0
2018,Sarawak,MY-13,East Malaysia,28.01,68.58,6.64,13.89,45.22,4.05,4.79,5.31,1.38,3.19,8.56,2.88,2.69,0.92,2.71,1.18
2018,Selangor,MY-10,Central,40.82,84.66,6.31,11.06,41.28,0.65,5.66,1.68,0.61,0.9,1.76,0.51,3.07,0.26,0.49,0.28
2018,Terengganu,MY-11,East Coast,50.95,81.83,12.73,13.53,24.04,0.03,3.15,0.28,1.49,2.54,3.87,0.3,1.36,0.0,2.41,1.49
2018,W.P. Kuala Lumpur,MY-14,Central,13.6,58.02,3.64,20.6,68.2,5.51,7.6,2.79,2.32,10.4,4.3,2.45,0.16,0.09,0.18,0.14
2018,W.P. Labuan,MY-15,East Malaysia,22.58,69.59,30.56,14.71,33.89,0.0,4.58,0.0,2.04,6.43,0.61,0.0,0.0,0.0,5.74,9.26
2018,W.P. Putrajaya,MY-16,Central,29.45,68.6,0.18,0.47,43.48,3.03,15.5,8.43,8.18,19.47,3.21,0.0,0.0,0.0,0.0,0.0
2019,Johor,MY-01,Southern,70.41,89.56,5.26,5.38,13.94,0.27,2.16,0.49,0.67,0.48,5.67,2.15,1.41,1.33,0.48,0.34
2019,Kedah,MY-02,Northern,63.33,74.32,12.45,19.71,14.2,1.0,4.2,1.86,0.99,0.78,2.4,0.94,0.34,0.59,2.09,0.8
2019,Kelantan,MY-03,East Coast,74.47,92.25,4.21,4.53,12.47,1.5,0.71,0.19,0.24,0.3,4.27,0.8,0.13,0.0,3.5,0.43
2019,Melaka,MY-04,Southern,40.1,52.7,13.01,42.83,38.69,0.14,2.65,1.06,0.87,1.6,3.39,0.0,0.52,1.07,0.76,0.6
2019,Negeri Sembilan,MY-05,Central,44.6,80.68,7.44,15.58,37.36,0.55,1.81,2.48,0.28,0.49,5.25,0.21,0.25,0.0,3.01,0.01
2019,Pahang,MY-06,East Coast,44.31,68.56,18.92,26.64,28.44,1.04,2.24,1.09,1.41,1.86,1.59,0.4,0.4,0.0,2.69,0.41
2019,Perak,MY-08,Northern,48.34,84.65,7.37,12.2,27.28,0.17,2.56,0.31,1.08,0.84,6.88,1.13,1.21,0.12,5.28,0.58
2019,Perlis,MY-09,Northern,66.45,83.4,4.3,12.69,18.63,1.69,2.64,0.1,2.47,0.91,2.42,0.49,0.13,0.0,2.96,0.72
2019,Pulau Pinang,MY-07,Northern,27.87,63.98,9.63,28.23,52.16,0.47,2.95,1.0,0.9,1.67,1.58,2.25,0.91,1.5,4.0,0.9
2019,Sabah,MY-12,East Malaysia,35.42,67.75,12.55,21.49,30.54,1.88,10.27,3.04,3.88,3.96,3.7,1.39,1.59,0.01,2.05,0.48
2019,Sarawak,MY-13,East Malaysia,29.54,67.96,8.54,17.84,46.2,4.97,3.92,1.73,1.65,3.09,5.86,1.71,0.9,0.61,3.39,2.09
2019,Selangor,MY-10,Central,37.53,80.22,4.88,10.96,42.73,0.43,6.47,3.3,0.84,2.21,2.22,0.98,3.24,0.62,2.09,1.28
2019,Terengganu,MY-11,East Coast,56.86,81.25,11.84,15.49,21.49,0.6,2.2,0.42,0.6,1.36,4.83,0.3,0.64,0.0,1.54,0.58
2019,W.P. Kuala Lumpur,MY-14,Central,17.56,64.59,4.05,13.75,60.71,6.21,5.74,1.99,2.63,3.97,3.8,5.7,0.69,0.0,4.82,3.79
2019,W.P. Labuan,MY-15,East Malaysia,25.12,57.99,7.23,12.42,43.19,0.0,4.0,0.0,15.6,27.46,3.74,0.0,0.0,0.0,1.12,2.13
2019,W.P. Putrajaya,MY-16,Central,20.95,44.69,9.74,18.18,54.25,0.0,4.72,0.0,7.63,33.19,0.19,0.0,0.0,0.0,2.52,3.94
2020,Johor,MY-01,Southern,53.58,75.43,16.2,18.05,18.47,0.22,2.69,0.52,1.11,0.07,4.02,1.27,0.53,0.98,3.4,3.46
2020,Kedah,MY-02,Northern,41.42,66.55,25.95,29.41,29.52,0.06,0.32,0.19,0.12,0.2,1.72,1.28,0.0,0.1,0.95,2.21
2020,Kelantan,MY-03,East Coast,57.45,78.91,11.74,13.75,24.18,6.15,2.02,0.12,0.09,0.17,3.42,0.2,0.0,0.0,1.1,0.7
2020,Melaka,MY-04,Southern,32.28,50.54,20.3,46.95,40.92,0.34,1.39,0.51,0.64,1.11,3.5,0.0,0.28,0.0,0.69,0.55
2020,Pahang,MY-06,East Coast,36.8,51.92,28.09,44.58,30.9,1.21,1.15,0.21,0.93,1.4,1.0,0.41,0.07,0.0,1.06,0.27
2020,Perak,MY-08,Northern,37.63,67.85,17.33,24.91,36.0,3.3,1.45,0.83,0.98,0.22,4.68,1.31,0.61,0.0,1.32,1.58
2020,Perlis,MY-09,Northern,37.92,72.08,17.06,26.99,40.66,0.0,0.24,0.0,0.33,0.93,3.27,0.0,0.03,0.0,0.49,0.0
2020,Pulau Pinang,MY-07,Northern,25.75,51.92,22.17,44.01,46.87,0.32,1.71,0.0,1.0,1.45,1.85,1.56,0.28,0.0,0.37,0.74
2020,Sabah,MY-12,East Malaysia,25.82,48.71,17.55,39.19,43.71,0.82,3.28,0.84,2.46,4.92,3.29,0.55,0.6,0.0,3.29,4.97
2020,Sarawak,MY-13,East Malaysia,23.08,59.44,12.99,27.37,52.13,6.5,1.87,0.65,1.04,2.28,5.54,1.79,0.48,0.0,2.87,1.97
2020,Selangor,MY-10,Central,22.87,67.05,6.23,18.77,60.85,7.62,1.3,2.22,0.45,0.83,5.44,1.22,2.13,0.07,0.73,2.22
2020,Terengganu,MY-11,East Coast,51.31,76.86,15.42,19.69,25.72,0.63,1.28,0.0,0.65,1.07,4.65,0.7,0.35,0.0,0.62,1.05
2020,W.P. Kuala Lumpur,MY-14,Central,14.42,37.92,13.32,36.07,63.16,16.92,3.36,1.52,1.15,1.67,2.87,3.94,0.02,0.0,1.7,1.96
2020,W.P. Labuan,MY-15,East Malaysia,31.9,43.96,29.14,39.35,21.19,0.0,2.65,0.0,5.36,7.63,3.39,0.0,0.0,0.0,6.37,9.06
2020,W.P. Putrajaya,MY-16,Central,21.08,21.25,32.14,45.38,20.78,0.0,4.34,0.0,13.07,20.34,1.2,1.9,0.0,0.0,7.39,11.13
2021,Johor,MY-01,Southern,34.59,60.44,19.56,34.63,20.55,0.68,3.08,0.56,1.55,2.35,14.31,0.72,0.06,0.24,6.3,0.38
2021,Kedah,MY-02,Northern,54.42,52.51,15.61,22.25,10.15,8.55,7.56,1.21,0.92,1.43,8.93,1.48,0.12,0.12,2.29,12.45
2021,Kelantan,MY-03,East Coast,58.59,71.38,11.89,14.34,14.32,10.2,0.04,0.22,1.16,1.91,12.01,0.66,0.08,0.41,1.91,0.88
2021,Melaka,MY-04,Southern,20.68,52.49,20.51,31.72,41.68,8.01,5.15,0.53,0.77,1.24,4.13,3.5,0.12,0.36,6.96,2.15
2021,Negeri Sembilan,MY-05,Central,14.37,42.02,16.25,48.22,42.0,3.44,1.84,0.15,0.66,2.84,23.19,0.6,0.15,2.45,1.54,0.28
2021,Pahang,MY-06,East Coast,27.04,39.05,24.21,52.54,23.79,0.53,2.95,0.82,2.87,2.18,10.91,0.36,0.09,0.31,8.14,4.21
2021,Perak,MY-08,Northern,36.41,56.72,13.35,31.12,24.28,8.21,3.71,0.18,1.12,1.27,18.91,1.56,0.51,0.89,1.71,0.05
2021,Perlis,MY-09,Northern,37.64,64.1,18.18,22.42,27.75,10.05,4.66,0.26,0.67,2.22,2.92,0.65,0.21,0.22,7.97,0.08
2021,Pulau Pinang,MY-07,Northern,35.07,55.02,14.35,33.35,40.01,8.78,1.66,1.13,0.25,0.61,3.27,0.32,0.27,0.21,5.12,0.58
2021,Sabah,MY-12,East Malaysia,27.84,54.54,14.57,37.74,43.29,0.19,2.29,2.36,1.41,0.13,3.95,3.79,0.27,0.08,6.38,1.17
2021,Sarawak,MY-13,East Malaysia,34.22,68.45,14.99,23.83,28.74,2.16,0.48,0.15,4.67,2.43,8.52,0.23,0.21,0.11,8.17,2.64
2021,Selangor,MY-10,Central,14.99,46.33,12.76,33.03,28.8,15.92,13.0,1.79,1.06,1.77,14.12,0.62,1.15,0.25,14.12,0.29
2021,Terengganu,MY-11,East Coast,26.09,55.68,23.74,33.78,41.71,7.75,5.07,0.62,1.03,1.39,0.56,0.18,0.1,0.28,1.7,0.32
2021,W.P. Kuala Lumpur,MY-14,Central,9.22,61.35,3.03,19.84,54.29,8.86,6.37,3.12,1.64,1.14,14.5,4.99,0.66,0.05,10.29,0.65
2021,W.P. Labuan,MY-15,East Malaysia,40.02,79.3,12.42,14.19,8.21,5.17,31.1,0.08,4.15,0.62,1.62,0.24,0.33,0.05,2.15,0.35
2021,W.P. Putrajaya,MY-16,Central,34.88,44.08,16.45,22.01,11.73,12.05,14.58,5.22,9.28,8.28,5.47,6.26,2.62,0.55,4.99,1.55
2022,Johor,MY-01,Southern,58.22,69.83,14.99,22.07,17.45,6.0,0.91,0.07,1.09,1.04,4.4,0.24,0.33,0.0,2.61,0.75
2022,Kedah,MY-02,Northern,50.4,63.03,17.75,31.9,26.49,1.68,0.96,0.2,0.14,0.18,1.33,0.77,0.0,0.0,2.93,2.24
2022,Kelantan,MY-03,East Coast,52.73,80.14,4.33,8.33,33.21,7.19,2.88,0.0,0.25,0.48,4.39,0.57,0.14,0.26,2.07,3.03
2022,Melaka,MY-04,Southern,29.54,57.82,18.24,32.47,34.27,4.97,3.86,0.9,0.59,1.11,8.79,0.54,0.77,0.01,3.94,2.18
2022,Negeri Sembilan,MY-05,Central,26.89,60.29,10.23,30.14,43.31,3.91,1.23,0.5,1.08,1.48,15.49,1.59,0.59,0.0,1.18,2.09
2022,Pahang,MY-06,East Coast,38.87,53.54,27.63,40.58,24.89,1.31,1.98,0.99,0.37,0.5,1.0,0.1,0.03,0.0,5.23,2.98
2022,Perak,MY-08,Northern,48.83,75.41,12.88,17.77,21.12,1.67,5.08,1.09,1.33,1.53,5.54,0.25,0.97,0.64,4.25,1.64
2022,Perlis,MY-09,Northern,46.83,68.16,12.18,18.31,34.88,9.93,1.37,1.69,0.33,0.65,1.1,0.33,0.7,0.0,2.61,0.93
2022,Pulau Pinang,MY-07,Northern,25.74,39.05,17.05,46.59,42.05,8.62,9.5,2.73,0.63,1.73,2.04,0.78,0.55,0.14,2.44,0.36
2022,Sabah,MY-12,East Malaysia,33.39,53.44,13.61,37.12,43.31,2.3,5.5,4.21,0.76,1.1,1.14,1.17,0.0,0.0,2.29,0.66
2022,Sarawak,MY-13,East Malaysia,21.99,65.31,7.12,19.34,51.94,2.44,0.99,1.26,2.15,7.88,5.9,0.41,2.24,0.0,7.67,3.36
2022,Selangor,MY-10,Central,30.49,63.74,10.75,25.62,39.73,3.9,6.99,1.79,0.77,1.36,1.39,0.69,2.24,0.14,7.64,2.76
2022,Terengganu,MY-11,East Coast,30.87,53.48,12.86,23.21,46.78,15.58,1.41,1.69,0.7,1.92,4.34,0.01,0.0,0.0,3.04,4.11
2022,W.P. Kuala Lumpur,MY-14,Central,17.97,44.23,8.47,29.93,52.32,14.27,6.29,4.3,0.84,2.14,6.8,4.26,0.94,0.0,6.37,0.87
2022,W.P. Labuan,MY-15,East Malaysia,27.82,19.84,43.03,41.14,21.46,29.85,0.86,0.0,4.59,4.45,0.04,0.0,0.0,0.0,2.2,4.72
2022,W.P. Putrajaya,MY-16,Central,16.04,40.73,6.3,24.5,44.89,14.6,11.61,3.08,4.56,5.87,8.13,0.38,0.19,0.0,8.28,10.84
2023,Johor,MY-01,Southern,55.54,68.1,16.38,26.48,15.58,2.06,2.88,1.7,1.78,0.84,3.94,0.28,1.11,0.2,2.79,0.34
2023,Kedah,MY-02,Northern,45.21,50.62,14.18,28.1,27.02,11.46,2.8,2.16,0.51,0.5,3.25,2.84,0.02,0.04,7.01,4.28
2023,Kelantan,MY-03,East Coast,50.27,67.01,21.91,19.7,13.07,4.48,5.77,4.2,0.59,1.24,4.94,2.38,0.31,0.29,3.14,0.7
2023,Melaka,MY-04,Southern,17.08,46.5,20.98,45.27,52.03,4.91,1.74,0.04,0.47,1.48,4.93,1.17,0.4,0.34,2.37,0.29
2023,Negeri Sembilan,MY-05,Central,25.5,65.55,6.09,26.74,43.42,4.77,2.63,0.08,0.11,0.54,17.85,0.29,2.84,0.0,1.56,2.03
2023,Pahang,MY-06,East Coast,38.03,45.75,12.28,42.12,31.79,2.52,4.61,2.95,1.19,1.59,1.8,0.54,0.56,0.4,9.74,4.13
2023,Perak,MY-08,Northern,51.24,68.96,12.79,23.14,23.62,3.45,2.47,1.32,0.89,1.03,3.09,0.22,1.03,0.36,4.87,1.52
2023,Perlis,MY-09,Northern,45.54,57.47,16.07,24.69,21.61,6.94,6.09,3.55,1.16,2.84,1.94,2.83,0.17,0.37,7.42,1.31
2023,Pulau Pinang,MY-07,Northern,25.98,46.93,4.84,33.6,46.96,12.88,6.07,1.07,0.49,2.12,5.04,0.47,0.74,0.14,9.88,2.79
2023,Sabah,MY-12,East Malaysia,34.72,50.55,21.38,39.07,25.4,1.82,5.59,4.32,1.05,0.63,1.94,0.54,3.23,1.65,6.69,1.42
2023,Sarawak,MY-13,East Malaysia,30.12,62.02,10.5,25.57,41.06,3.62,2.94,1.41,1.1,2.95,5.77,2.04,0.73,0.82,7.78,1.57
2023,Selangor,MY-10,Central,35.34,62.52,17.07,30.61,33.28,2.35,3.95,1.0,1.04,1.22,2.81,0.24,1.41,0.0,5.1,2.06
2023,Terengganu,MY-11,East Coast,40.99,55.04,15.44,29.54,34.67,12.11,2.27,0.0,0.37,1.69,2.02,0.45,1.2,0.0,3.04,1.17
2023,W.P. Kuala Lumpur,MY-14,Central,19.74,46.84,17.74,31.24,32.44,13.54,13.68,3.36,1.05,1.18,4.45,0.15,1.64,0.54,9.26,3.15
2023,W.P. Labuan,MY-15,East Malaysia,25.64,25.82,57.73,48.49,2.37,2.4,2.18,1.06,8.12,18.22,3.17,3.21,0.0,0.0,0.79,0.8
2023,W.P. Putrajaya,MY-16,Central,34.88,33.44,23.98,28.34,17.3,1.58,4.82,13.21,10.91,20.86,3.12,0.51,0.45,0.17,4.54,1.89
2024,Johor,MY-01,Southern,51.98,65.2,14.46,21.59,13.54,5.58,9.86,1.48,1.2,1.3,2.93,0.24,0.7,0.1,5.33,4.51
2024,Kedah,MY-02,Northern,57.84,72.6,11.11,14.82,15.44,6.49,1.07,0.33,0.29,0.06,4.3,0.61,0.27,0.05,9.68,5.04
2024,Kelantan,MY-03,East Coast,47.64,61.2,16.77,15.05,20.73,13.03,2.09,2.6,0.68,1.28,2.22,0.12,0.57,0.4,9.3,6.32
2024,Melaka,MY-04,Southern,24.92,39.18,20.34,44.64,31.27,3.6,3.85,3.24,1.47,1.02,8.81,0.09,1.11,0.25,8.23,7.98
2024,Negeri Sembilan,MY-05,Central,26.2,48.05,11.41,37.28,35.51,6.6,4.99,1.11,0.13,5.14,15.82,0.31,1.96,0.21,3.98,1.3
2024,Pahang,MY-06,East Coast,29.04,46.13,17.39,40.33,33.84,3.52,3.06,2.04,0.26,0.31,4.62,0.25,0.86,0.77,10.93,6.65
2024,Perak,MY-08,Northern,44.49,63.84,12.14,20.68,24.88,7.0,2.87,1.61,0.69,0.69,5.24,0.27,0.56,0.07,9.13,5.84
2024,Perlis,MY-09,Northern,36.81,54.17,16.11,25.6,23.17,7.07,1.89,1.28,0.19,0.45,0.01,0.0,0.0,0.0,21.82,11.43
2024,Pulau Pinang,MY-07,Northern,24.63,52.44,10.88,29.67,30.72,6.77,7.41,3.61,1.18,1.13,6.18,0.4,1.26,0.31,17.74,5.67
2024,Sabah,MY-12,East Malaysia,27.49,38.41,15.09,33.91,26.59,6.92,7.64,7.08,1.51,2.21,4.95,2.09,9.54,1.88,7.19,7.5
2024,Sarawak,MY-13,East Malaysia,29.54,57.32,8.29,20.54,39.4,5.2,3.94,2.56,0.89,2.19,9.71,8.18,1.15,0.0,7.08,4.01
2024,Selangor,MY-10,Central,29.71,51.47,9.46,20.96,32.04,13.92,9.32,1.0,1.09,3.31,3.2,0.71,3.39,0.24,11.79,8.39
2024,Terengganu,MY-11,East Coast,39.57,47.14,12.75,35.47,35.34,5.74,3.39,5.07,0.43,0.63,3.41,0.25,1.21,0.0,3.9,5.7
2024,W.P. Kuala Lumpur,MY-14,Central,14.7,37.96,4.94,21.3,46.32,17.43,14.01,2.2,1.48,3.71,3.51,2.41,2.56,0.07,12.48,14.92
2024,W.P. Labuan,MY-15,East Malaysia,28.87,50.64,8.14,25.78,16.54,2.37,11.97,6.18,2.12,6.1,0.87,2.2,0.0,0.0,31.49,6.73
2024,W.P. Putrajaya,MY-16,Central,34.91,49.6,5.54,20.5,15.14,12.0,26.79,1.02,3.08,7.02,1.54,0.0,1.15,0.0,11.85,9.86
2025,Johor,MY-01,Southern,39.14,55.58,19.09,23.89,21.15,9.24,5.43,2.98,2.11,1.91,4.63,0.34,0.8,0.47,7.65,5.59
2025,Kedah,MY-02,Northern,41.85,62.93,13.64,23.3,18.13,3.45,5.9,2.19,2.63,3.93,4.12,0.61,1.36,1.64,12.37,1.95
2025,Kelantan,MY-03,East Coast,40.33,58.74,20.4,17.14,23.45,10.43,4.03,4.17,0.25,0.55,2.93,0.39,0.99,1.03,7.62,7.55
2025,Melaka,MY-04,Southern,26.82,43.0,18.9,41.23,35.38,3.84,1.79,0.96,0.13,0.31,13.18,1.18,0.51,0.61,3.29,8.87
2025,Negeri Sembilan,MY-05,Central,29.57,44.87,9.03,34.62,37.76,6.37,3.1,2.44,0.4,5.51,17.64,1.29,1.0,1.46,1.5,3.44
2025,Pahang,MY-06,East Coast,30.44,46.88,15.95,33.98,33.2,5.21,4.62,4.49,0.99,0.62,7.33,1.23,0.68,0.23,6.79,7.36
2025,Perak,MY-08,Northern,37.51,61.6,9.43,18.99,41.83,4.28,1.4,1.51,0.67,3.21,5.22,0.94,0.89,1.18,3.05,8.29
2025,Perlis,MY-09,Northern,42.69,52.0,15.24,35.04,22.57,0.62,5.67,3.44,1.72,2.36,3.36,3.77,0.73,0.12,8.02,2.65
2025,Pulau Pinang,MY-07,Northern,27.7,60.94,17.94,34.3,33.34,0.48,6.43,1.27,0.48,0.81,4.05,0.16,1.07,1.01,8.99,1.03
2025,Sabah,MY-12,East Malaysia,37.98,40.3,22.84,36.93,18.87,5.28,9.59,7.34,1.53,1.87,3.09,1.53,1.99,0.27,4.11,6.48
2025,Sarawak,MY-13,East Malaysia,30.24,59.32,19.03,22.28,35.68,6.52,1.66,2.38,1.57,1.49,4.64,1.5,0.78,0.8,6.4,5.71
2025,Selangor,MY-10,Central,30.07,50.51,18.94,32.5,34.28,7.04,4.5,2.67,1.21,0.54,2.04,0.05,4.69,0.84,4.27,5.85
2025,Terengganu,MY-11,East Coast,45.86,47.17,15.64,29.49,26.74,5.82,4.87,1.9,0.5,5.33,3.86,1.65,0.94,1.5,1.59,7.14
2025,W.P. Kuala Lumpur,MY-14,Central,39.01,35.54,13.23,28.69,22.63,10.18,11.36,3.91,1.32,8.92,2.3,3.05,0.96,1.48,9.19,8.23
2025,W.P. Labuan,MY-15,East Malaysia,30.19,64.04,9.53,20.23,36.41,1.32,10.93,0.73,0.79,1.56,3.45,5.76,0.19,0.41,8.51,5.95
2025,W.P. Putrajaya,MY-16,Central,30.89,69.07,5.83,24.12,16.68,1.14,21.51,2.1,10.62,1.38,0.92,0.68,0.96,0.14,12.59,1.37
