year,state,state_code,region,households_thousands,households_count,median_income_rm,mean_income_rm,income_skewness_ratio,data_status,source
1995,Johor,MY-01,Southern,457.9,457900.0,1610.0,2137.7,1.328,official_survey,DOSM HIES Table 6
1997,Johor,MY-01,Southern,492.3,492300.0,2056.0,2772.0,1.348,official_survey,DOSM HIES Table 6
1999,Johor,MY-01,Southern,477.6,477600.0,2012.0,2645.6,1.315,official_survey,DOSM HIES Table 6
2002,Johor,MY-01,Southern,498.2,498200.0,2212.0,2963.0,1.34,official_survey,DOSM HIES Table 6
2004,Johor,MY-01,Southern,650.253,650253.0,2325.0,3076.0,1.323,official_survey,DOSM HIES Table 6
2007,Johor,MY-01,Southern,708.417,708417.0,2726.0,3456.6,1.268,official_survey,DOSM HIES Table 6
2009,Johor,MY-01,Southern,734.167,734167.0,2958.0,3835.0,1.296,official_survey,DOSM HIES Table 6
2012,Johor,MY-01,Southern,786.169,786169.0,3650.0,4658.0,1.276,official_survey,DOSM HIES Table 6
2014,Johor,MY-01,Southern,806.1,806100.0,5197.0,6207.0,1.194,official_survey,DOSM HIES Table 6
2016,Johor,MY-01,Southern,834.1,834100.0,5652.0,6928.0,1.226,official_survey,DOSM HIES Table 6
2019,Johor,MY-01,Southern,879.3,879300.0,6427.0,8013.0,1.247,official_survey,DOSM HIES Table 6
2022,Johor,MY-01,Southern,999.4,999400.0,6879.0,8517.0,1.238,official_survey,DOSM HIES Table 6
2024,Johor,MY-01,Southern,1037.976,1037976.0,7712.0,9484.0,1.23,official_survey,DOSM HIES Table 6
1995,Kedah,MY-02,Northern,288.3,288300.0,990.0,1295.4,1.309,official_survey,DOSM HIES Table 6
1997,Kedah,MY-02,Northern,294.7,294700.0,1171.0,1590.0,1.358,official_survey,DOSM HIES Table 6
1999,Kedah,MY-02,Northern,330.6,330600.0,1225.0,1612.0,1.316,official_survey,DOSM HIES Table 6
2002,Kedah,MY-02,Northern,301.5,301500.0,1451.0,1966.0,1.355,official_survey,DOSM HIES Table 6
2004,Kedah,MY-02,Northern,391.215,391215.0,1607.0,2126.0,1.323,official_survey,DOSM HIES Table 6
2007,Kedah,MY-02,Northern,410.264,410264.0,1756.0,2407.8,1.371,official_survey,DOSM HIES Table 6
2009,Kedah,MY-02,Northern,424.888,424888.0,1966.0,2667.0,1.357,official_survey,DOSM HIES Table 6
2012,Kedah,MY-02,Northern,447.885,447885.0,2633.0,3425.0,1.301,official_survey,DOSM HIES Table 6
2014,Kedah,MY-02,Northern,465.1,465100.0,3451.0,4478.0,1.298,official_survey,DOSM HIES Table 6
2016,Kedah,MY-02,Northern,477.6,477600.0,3811.0,4971.0,1.304,official_survey,DOSM HIES Table 6
2019,Kedah,MY-02,Northern,497.7,497700.0,4325.0,5522.0,1.277,official_survey,DOSM HIES Table 6
2022,Kedah,MY-02,Northern,534.2,534200.0,4402.0,5550.0,1.261,official_survey,DOSM HIES Table 6
2024,Kedah,MY-02,Northern,552.135,552135.0,4895.0,5793.0,1.183,official_survey,DOSM HIES Table 6
1995,Kelantan,MY-03,East Coast,238.0,238000.0,789.0,1090.8,1.383,official_survey,DOSM HIES Table 6
1997,Kelantan,MY-03,East Coast,234.0,234000.0,872.0,1249.0,1.432,official_survey,DOSM HIES Table 6
1999,Kelantan,MY-03,East Coast,233.5,233500.0,946.0,1314.0,1.389,official_survey,DOSM HIES Table 6
2002,Kelantan,MY-03,East Coast,203.8,203800.0,1154.0,1674.0,1.451,official_survey,DOSM HIES Table 6
2004,Kelantan,MY-03,East Coast,282.485,282485.0,1258.0,1829.0,1.454,official_survey,DOSM HIES Table 6
2007,Kelantan,MY-03,East Coast,295.718,295718.0,1510.0,2142.8,1.419,official_survey,DOSM HIES Table 6
2009,Kelantan,MY-03,East Coast,304.914,304914.0,1713.0,2536.0,1.48,official_survey,DOSM HIES Table 6
2012,Kelantan,MY-03,East Coast,322.502,322502.0,2276.0,3168.0,1.392,official_survey,DOSM HIES Table 6
2014,Kelantan,MY-03,East Coast,328.4,328400.0,2716.0,3715.0,1.368,official_survey,DOSM HIES Table 6
2016,Kelantan,MY-03,East Coast,336.3,336300.0,3079.0,4214.0,1.369,official_survey,DOSM HIES Table 6
2019,Kelantan,MY-03,East Coast,345.4,345400.0,3563.0,4874.0,1.368,official_survey,DOSM HIES Table 6
2022,Kelantan,MY-03,East Coast,357.8,357800.0,3614.0,4885.0,1.352,official_survey,DOSM HIES Table 6
2024,Kelantan,MY-03,East Coast,366.75,366750.0,4083.0,5265.0,1.289,official_survey,DOSM HIES Table 6
1995,Melaka,MY-04,Southern,114.7,114700.0,1391.0,1843.2,1.325,official_survey,DOSM HIES Table 6
1997,Melaka,MY-04,Southern,124.3,124300.0,1793.0,2276.0,1.269,official_survey,DOSM HIES Table 6
1999,Melaka,MY-04,Southern,119.7,119700.0,1715.0,2260.0,1.318,official_survey,DOSM HIES Table 6
2002,Melaka,MY-04,Southern,105.9,105900.0,2051.0,2650.0,1.292,official_survey,DOSM HIES Table 6
2004,Melaka,MY-04,Southern,155.693,155693.0,2308.0,2791.0,1.209,official_survey,DOSM HIES Table 6
2007,Melaka,MY-04,Southern,167.103,167103.0,2717.0,3421.3,1.259,official_survey,DOSM HIES Table 6
2009,Melaka,MY-04,Southern,173.314,173314.0,3005.0,4184.0,1.392,official_survey,DOSM HIES Table 6
2012,Melaka,MY-04,Southern,181.325,181325.0,3923.0,4759.0,1.213,official_survey,DOSM HIES Table 6
2014,Melaka,MY-04,Southern,204.7,204700.0,5029.0,6046.0,1.202,official_survey,DOSM HIES Table 6
2016,Melaka,MY-04,Southern,213.6,213600.0,5588.0,6849.0,1.226,official_survey,DOSM HIES Table 6
2019,Melaka,MY-04,Southern,227.9,227900.0,6054.0,7741.0,1.279,official_survey,DOSM HIES Table 6
2022,Melaka,MY-04,Southern,262.0,262000.0,6210.0,8057.0,1.297,official_survey,DOSM HIES Table 6
2024,Melaka,MY-04,Southern,274.723,274723.0,6891.0,8686.0,1.26,official_survey,DOSM HIES Table 6
1995,Negeri Sembilan,MY-05,Central,157.7,157700.0,1358.0,1766.7,1.301,official_survey,DOSM HIES Table 6
1997,Negeri Sembilan,MY-05,Central,159.6,159600.0,1731.0,2378.0,1.374,official_survey,DOSM HIES Table 6
1999,Negeri Sembilan,MY-05,Central,153.4,153400.0,1777.0,2335.0,1.314,official_survey,DOSM HIES Table 6
2002,Negeri Sembilan,MY-05,Central,148.2,148200.0,2080.0,2739.0,1.317,official_survey,DOSM HIES Table 6
2004,Negeri Sembilan,MY-05,Central,202.426,202426.0,2288.0,2886.0,1.261,official_survey,DOSM HIES Table 6
2007,Negeri Sembilan,MY-05,Central,218.266,218266.0,2556.0,3336.2,1.305,official_survey,DOSM HIES Table 6
2009,Negeri Sembilan,MY-05,Central,223.19,223190.0,2711.0,3540.0,1.306,official_survey,DOSM HIES Table 6
2012,Negeri Sembilan,MY-05,Central,239.639,239639.0,3575.0,4576.0,1.28,official_survey,DOSM HIES Table 6
2014,Negeri Sembilan,MY-05,Central,244.8,244800.0,4128.0,5271.0,1.277,official_survey,DOSM HIES Table 6
2016,Negeri Sembilan,MY-05,Central,254.0,254000.0,4579.0,5887.0,1.286,official_survey,DOSM HIES Table 6
2019,Negeri Sembilan,MY-05,Central,270.8,270800.0,5005.0,6707.0,1.34,official_survey,DOSM HIES Table 6
2022,Negeri Sembilan,MY-05,Central,309.3,309300.0,5226.0,6788.0,1.299,official_survey,DOSM HIES Table 6
2024,Negeri Sembilan,MY-05,Central,322.801,322801.0,5591.0,7305.0,1.307,official_survey,DOSM HIES Table 6
1995,Pahang,MY-06,East Coast,201.9,201900.0,1138.0,1435.7,1.262,official_survey,DOSM HIES Table 6
1997,Pahang,MY-06,East Coast,217.3,217300.0,1259.0,1632.0,1.296,official_survey,DOSM HIES Table 6
1999,Pahang,MY-06,East Coast,208.8,208800.0,1202.0,1482.0,1.233,official_survey,DOSM HIES Table 6
2002,Pahang,MY-06,East Coast,179.8,179800.0,1423.0,1991.0,1.399,official_survey,DOSM HIES Table 6
2004,Pahang,MY-06,East Coast,302.824,302824.0,1783.0,2410.0,1.352,official_survey,DOSM HIES Table 6
2007,Pahang,MY-06,East Coast,317.633,317633.0,2235.0,2994.7,1.34,official_survey,DOSM HIES Table 6
2009,Pahang,MY-06,East Coast,336.027,336027.0,2479.0,3279.0,1.323,official_survey,DOSM HIES Table 6
2012,Pahang,MY-06,East Coast,356.063,356063.0,3067.0,3745.0,1.221,official_survey,DOSM HIES Table 6
2014,Pahang,MY-06,East Coast,322.0,322000.0,3389.0,4343.0,1.281,official_survey,DOSM HIES Table 6
2016,Pahang,MY-06,East Coast,330.7,330700.0,3979.0,5012.0,1.26,official_survey,DOSM HIES Table 6
2019,Pahang,MY-06,East Coast,348.8,348800.0,4440.0,5667.0,1.276,official_survey,DOSM HIES Table 6
2022,Pahang,MY-06,East Coast,382.6,382600.0,4753.0,5777.0,1.215,official_survey,DOSM HIES Table 6
2024,Pahang,MY-06,East Coast,396.475,396475.0,4975.0,6066.0,1.219,official_survey,DOSM HIES Table 6
1995,Perak,MY-08,Northern,397.4,397400.0,1102.0,1436.1,1.303,official_survey,DOSM HIES Table 6
1997,Perak,MY-08,Northern,448.3,448300.0,1522.0,1940.0,1.275,official_survey,DOSM HIES Table 6
1999,Perak,MY-08,Northern,388.9,388900.0,1350.0,1743.0,1.291,official_survey,DOSM HIES Table 6
2002,Perak,MY-08,Northern,399.1,399100.0,1613.0,2153.0,1.335,official_survey,DOSM HIES Table 6
2004,Perak,MY-08,Northern,508.715,508715.0,1732.0,2207.0,1.274,official_survey,DOSM HIES Table 6
2007,Perak,MY-08,Northern,527.823,527823.0,1905.0,2545.1,1.336,official_survey,DOSM HIES Table 6
2009,Perak,MY-08,Northern,544.526,544526.0,2094.0,2809.0,1.341,official_survey,DOSM HIES Table 6
2012,Perak,MY-08,Northern,572.57,572570.0,2665.0,3548.0,1.331,official_survey,DOSM HIES Table 6
2014,Perak,MY-08,Northern,598.8,598800.0,3451.0,4268.0,1.237,official_survey,DOSM HIES Table 6
2016,Perak,MY-08,Northern,619.0,619000.0,4006.0,5065.0,1.264,official_survey,DOSM HIES Table 6
2019,Perak,MY-08,Northern,639.4,639400.0,4273.0,5645.0,1.321,official_survey,DOSM HIES Table 6
2022,Perak,MY-08,Northern,649.9,649900.0,4494.0,5779.0,1.286,official_survey,DOSM HIES Table 6
2024,Perak,MY-08,Northern,660.817,660817.0,4687.0,6173.0,1.317,official_survey,DOSM HIES Table 6
1995,Perlis,MY-09,Northern,40.0,40000.0,889.0,1157.9,1.303,official_survey,DOSM HIES Table 6
1997,Perlis,MY-09,Northern,41.7,41700.0,1114.0,1507.0,1.353,official_survey,DOSM HIES Table 6
1999,Perlis,MY-09,Northern,42.8,42800.0,1086.0,1431.0,1.318,official_survey,DOSM HIES Table 6
2002,Perlis,MY-09,Northern,28.3,28300.0,1431.0,2006.0,1.402,official_survey,DOSM HIES Table 6
2004,Perlis,MY-09,Northern,49.315,49315.0,1459.0,2046.0,1.402,official_survey,DOSM HIES Table 6
2007,Perlis,MY-09,Northern,51.057,51057.0,1746.0,2540.7,1.455,official_survey,DOSM HIES Table 6
2009,Perlis,MY-09,Northern,52.402,52402.0,1832.0,2617.0,1.428,official_survey,DOSM HIES Table 6
2012,Perlis,MY-09,Northern,55.38,55380.0,2387.0,3538.0,1.482,official_survey,DOSM HIES Table 6
2014,Perlis,MY-09,Northern,54.7,54700.0,3500.0,4445.0,1.27,official_survey,DOSM HIES Table 6
2016,Perlis,MY-09,Northern,56.3,56300.0,4204.0,4998.0,1.189,official_survey,DOSM HIES Table 6
2019,Perlis,MY-09,Northern,58.8,58800.0,4594.0,5476.0,1.192,official_survey,DOSM HIES Table 6
2022,Perlis,MY-09,Northern,75.8,75800.0,4713.0,5664.0,1.202,official_survey,DOSM HIES Table 6
2024,Perlis,MY-09,Northern,80.105,80105.0,4950.0,5996.0,1.211,official_survey,DOSM HIES Table 6
1995,Pulau Pinang,MY-07,Northern,236.1,236100.0,1693.0,2224.6,1.314,official_survey,DOSM HIES Table 6
1997,Pulau Pinang,MY-07,Northern,237.6,237600.0,2338.0,3130.0,1.339,official_survey,DOSM HIES Table 6
1999,Pulau Pinang,MY-07,Northern,245.9,245900.0,2323.0,3128.0,1.347,official_survey,DOSM HIES Table 6
2002,Pulau Pinang,MY-07,Northern,256.6,256600.0,2572.0,3496.0,1.359,official_survey,DOSM HIES Table 6
2004,Pulau Pinang,MY-07,Northern,325.946,325946.0,2650.0,3531.0,1.332,official_survey,DOSM HIES Table 6
2007,Pulau Pinang,MY-07,Northern,344.868,344868.0,2902.0,4003.7,1.38,official_survey,DOSM HIES Table 6
2009,Pulau Pinang,MY-07,Northern,360.194,360194.0,3200.0,4407.0,1.377,official_survey,DOSM HIES Table 6
2012,Pulau Pinang,MY-07,Northern,382.868,382868.0,4039.0,5055.0,1.252,official_survey,DOSM HIES Table 6
2014,Pulau Pinang,MY-07,Northern,413.3,413300.0,4702.0,5993.0,1.275,official_survey,DOSM HIES Table 6
2016,Pulau Pinang,MY-07,Northern,430.8,430800.0,5409.0,6771.0,1.252,official_survey,DOSM HIES Table 6
2019,Pulau Pinang,MY-07,Northern,448.7,448700.0,6169.0,7774.0,1.26,official_survey,DOSM HIES Table 6
2022,Pulau Pinang,MY-07,Northern,478.3,478300.0,6502.0,8267.0,1.271,official_survey,DOSM HIES Table 6
2024,Pulau Pinang,MY-07,Northern,491.784,491784.0,7386.0,9152.0,1.239,official_survey,DOSM HIES Table 6
1995,Sabah,MY-12,East Malaysia,267.9,267900.0,1133.0,1646.7,1.453,official_survey,DOSM HIES Table 6
1997,Sabah,MY-12,East Malaysia,260.3,260300.0,1390.0,2057.4,1.48,official_survey,DOSM HIES Table 6
1999,Sabah,MY-12,East Malaysia,274.8,274800.0,1264.0,1905.0,1.507,official_survey,DOSM HIES Table 6
2002,Sabah,MY-12,East Malaysia,220.5,220500.0,1583.0,2406.3,1.52,official_survey,DOSM HIES Table 6
2004,Sabah,MY-12,East Malaysia,495.9,495900.0,1606.0,2487.0,1.549,official_survey,DOSM HIES Table 6
2007,Sabah,MY-12,East Malaysia,491.4,491400.0,1189.0,2837.0,2.386,official_survey,DOSM HIES Table 6
2009,Sabah,MY-12,East Malaysia,499.547,499547.0,2066.0,3102.0,1.501,official_survey,DOSM HIES Table 6
2012,Sabah,MY-12,East Malaysia,526.214,526214.0,2860.0,4013.0,1.403,official_survey,DOSM HIES Table 6
2014,Sabah,MY-12,East Malaysia,474.9,474900.0,3745.0,4879.0,1.303,official_survey,DOSM HIES Table 6
2016,Sabah,MY-12,East Malaysia,493.1,493100.0,4110.4,5354.0,1.303,official_survey,DOSM HIES Table 6
2019,Sabah,MY-12,East Malaysia,513.2,513200.0,4235.0,5745.0,1.357,official_survey,DOSM HIES Table 6
2022,Sabah,MY-12,East Malaysia,601.3,601300.0,4577.0,6171.0,1.348,official_survey,DOSM HIES Table 6
2024,Sabah,MY-12,East Malaysia,634.488,634488.0,4890.0,6498.0,1.329,official_survey,DOSM HIES Table 6
1995,Sarawak,MY-13,East Malaysia,340.9,340900.0,1305.0,1886.0,1.445,official_survey,DOSM HIES Table 6
1997,Sarawak,MY-13,East Malaysia,333.5,333500.0,1499.0,2241.8,1.496,official_survey,DOSM HIES Table 6
1999,Sarawak,MY-13,East Malaysia,333.176,333176.0,1667.0,2275.9,1.365,official_survey,DOSM HIES Table 6
2002,Sarawak,MY-13,East Malaysia,281.53,281530.0,1704.0,2515.0,1.476,official_survey,DOSM HIES Table 6
2004,Sarawak,MY-13,East Malaysia,465.192,465192.0,1804.0,2725.0,1.511,official_survey,DOSM HIES Table 6
2007,Sarawak,MY-13,East Malaysia,486.083,486083.0,2250.0,3349.0,1.488,official_survey,DOSM HIES Table 6
2009,Sarawak,MY-13,East Malaysia,510.416,510416.0,2394.0,3581.0,1.496,official_survey,DOSM HIES Table 6
2012,Sarawak,MY-13,East Malaysia,532.194,532194.0,3047.0,4293.0,1.409,official_survey,DOSM HIES Table 6
2014,Sarawak,MY-13,East Malaysia,581.8,581800.0,3778.0,4934.0,1.306,official_survey,DOSM HIES Table 6
2016,Sarawak,MY-13,East Malaysia,603.6,603600.0,4162.9,5387.0,1.294,official_survey,DOSM HIES Table 6
2019,Sarawak,MY-13,East Malaysia,625.4,625400.0,4544.0,5959.0,1.311,official_survey,DOSM HIES Table 6
2022,Sarawak,MY-13,East Malaysia,596.8,596800.0,4978.0,6457.0,1.297,official_survey,DOSM HIES Table 6
2024,Sarawak,MY-13,East Malaysia,612.299,612299.0,5504.0,6947.0,1.262,official_survey,DOSM HIES Table 6
1995,Selangor,MY-10,Central,616.0,616000.0,2255.0,3161.7,1.402,official_survey,DOSM HIES Table 6
1997,Selangor,MY-10,Central,586.5,586500.0,2850.0,4006.0,1.406,official_survey,DOSM HIES Table 6
1999,Selangor,MY-10,Central,620.8,620800.0,2750.0,3702.5,1.346,official_survey,DOSM HIES Table 6
2002,Selangor,MY-10,Central,678.7,678700.0,3144.0,4406.0,1.401,official_survey,DOSM HIES Table 6
2004,Selangor,MY-10,Central,1100.231,1100231.0,3588.0,5175.0,1.442,official_survey,DOSM HIES Table 6
2007,Selangor,MY-10,Central,1182.913,1182913.0,4046.0,5579.9,1.379,official_survey,DOSM HIES Table 6
2009,Selangor,MY-10,Central,1245.308,1245308.0,4306.0,5962.0,1.385,official_survey,DOSM HIES Table 6
2012,Selangor,MY-10,Central,1321.559,1321559.0,5353.0,7023.0,1.312,official_survey,DOSM HIES Table 6
2014,Selangor,MY-10,Central,1468.0,1468000.0,6214.0,8252.0,1.328,official_survey,DOSM HIES Table 6
2016,Selangor,MY-10,Central,1550.5,1550500.0,7225.0,9463.0,1.31,official_survey,DOSM HIES Table 6
2019,Selangor,MY-10,Central,1623.1,1623100.0,8210.0,10827.0,1.319,official_survey,DOSM HIES Table 6
2022,Selangor,MY-10,Central,1774.8,1774800.0,9983.0,12233.0,1.225,official_survey,DOSM HIES Table 6
2024,Selangor,MY-10,Central,1857.459,1857459.0,10726.0,13296.0,1.24,official_survey,DOSM HIES Table 6
1995,Terengganu,MY-11,East Coast,157.1,157100.0,756.0,1117.0,1.477,official_survey,DOSM HIES Table 6
1997,Terengganu,MY-11,East Coast,147.4,147400.0,1026.0,1497.0,1.459,official_survey,DOSM HIES Table 6
1999,Terengganu,MY-11,East Coast,150.8,150800.0,1155.0,1599.0,1.384,official_survey,DOSM HIES Table 6
2002,Terengganu,MY-11,East Coast,129.2,129200.0,1331.0,1837.0,1.38,official_survey,DOSM HIES Table 6
2004,Terengganu,MY-11,East Coast,190.751,190751.0,1353.0,1984.0,1.466,official_survey,DOSM HIES Table 6
2007,Terengganu,MY-11,East Coast,203.803,203803.0,1796.0,2463.5,1.372,official_survey,DOSM HIES Table 6
2009,Terengganu,MY-11,East Coast,212.109,212109.0,2096.0,3017.0,1.439,official_survey,DOSM HIES Table 6
2012,Terengganu,MY-11,East Coast,225.345,225345.0,3034.0,3967.0,1.308,official_survey,DOSM HIES Table 6
2014,Terengganu,MY-11,East Coast,229.9,229900.0,3777.0,4816.0,1.275,official_survey,DOSM HIES Table 6
2016,Terengganu,MY-11,East Coast,238.8,238800.0,4694.0,5776.0,1.231,official_survey,DOSM HIES Table 6
2019,Terengganu,MY-11,East Coast,257.6,257600.0,5545.0,6815.0,1.229,official_survey,DOSM HIES Table 6
2022,Terengganu,MY-11,East Coast,281.4,281400.0,5878.0,7248.0,1.233,official_survey,DOSM HIES Table 6
2024,Terengganu,MY-11,East Coast,294.796,294796.0,6627.0,7627.0,1.151,official_survey,DOSM HIES Table 6
1995,W.P. Kuala Lumpur,MY-14,Central,264.2,264200.0,2321.0,3371.0,1.452,official_survey,DOSM HIES Table 6
1997,W.P. Kuala Lumpur,MY-14,Central,301.6,301600.0,3090.0,4768.0,1.543,official_survey,DOSM HIES Table 6
1999,W.P. Kuala Lumpur,MY-14,Central,293.3,293300.0,2828.0,4104.6,1.451,official_survey,DOSM HIES Table 6
2002,W.P. Kuala Lumpur,MY-14,Central,312.1,312100.0,3364.0,4930.0,1.466,official_survey,DOSM HIES Table 6
2004,W.P. Kuala Lumpur,MY-14,Central,337.93,337930.0,3336.0,5011.0,1.502,official_survey,DOSM HIES Table 6
2007,W.P. Kuala Lumpur,MY-14,Central,356.818,356818.0,3697.0,5322.0,1.44,official_survey,DOSM HIES Table 6
2009,W.P. Kuala Lumpur,MY-14,Central,371.702,371702.0,4409.0,5488.0,1.245,official_survey,DOSM HIES Table 6
2012,W.P. Kuala Lumpur,MY-14,Central,385.249,385249.0,5847.0,8586.0,1.468,official_survey,DOSM HIES Table 6
2014,W.P. Kuala Lumpur,MY-14,Central,440.48,440480.0,7620.0,10629.0,1.395,official_survey,DOSM HIES Table 6
2016,W.P. Kuala Lumpur,MY-14,Central,461.6,461600.0,9073.0,11692.0,1.289,official_survey,DOSM HIES Table 6
2019,W.P. Kuala Lumpur,MY-14,Central,484.3,484300.0,10549.0,13257.0,1.257,official_survey,DOSM HIES Table 6
2022,W.P. Kuala Lumpur,MY-14,Central,553.0,553000.0,10234.0,13325.0,1.302,official_survey,DOSM HIES Table 6
2024,W.P. Kuala Lumpur,MY-14,Central,574.543,574543.0,10802.0,13985.0,1.295,official_survey,DOSM HIES Table 6
1995,W.P. Labuan,MY-15,East Malaysia,,,,,,official_survey,DOSM HIES Table 6
1997,W.P. Labuan,MY-15,East Malaysia,,,,,,official_survey,DOSM HIES Table 6
1999,W.P. Labuan,MY-15,East Malaysia,,,,,,official_survey,DOSM HIES Table 6
2002,W.P. Labuan,MY-15,East Malaysia,,,,,,official_survey,DOSM HIES Table 6
2004,W.P. Labuan,MY-15,East Malaysia,,,,,,official_survey,DOSM HIES Table 6
2007,W.P. Labuan,MY-15,East Malaysia,,,2777.0,3726.0,1.342,official_survey,DOSM HIES Table 6
2009,W.P. Labuan,MY-15,East Malaysia,16.375,16375.0,3498.0,4407.0,1.26,official_survey,DOSM HIES Table 6
2012,W.P. Labuan,MY-15,East Malaysia,18.08,18080.0,5063.0,6317.0,1.248,official_survey,DOSM HIES Table 6
2014,W.P. Labuan,MY-15,East Malaysia,19.3,19300.0,5684.0,7591.0,1.336,official_survey,DOSM HIES Table 6
2016,W.P. Labuan,MY-15,East Malaysia,20.8,20800.0,5928.0,8174.0,1.379,official_survey,DOSM HIES Table 6
2019,W.P. Labuan,MY-15,East Malaysia,23.7,23700.0,6726.0,8319.0,1.237,official_survey,DOSM HIES Table 6
2022,W.P. Labuan,MY-15,East Malaysia,21.6,21600.0,6904.0,8250.0,1.195,official_survey,DOSM HIES Table 6
2024,W.P. Labuan,MY-15,East Malaysia,22.694,22694.0,7383.0,8555.0,1.159,official_survey,DOSM HIES Table 6
1995,W.P. Putrajaya,MY-16,Central,,,,,,official_survey,DOSM HIES Table 6
1997,W.P. Putrajaya,MY-16,Central,,,,,,official_survey,DOSM HIES Table 6
1999,W.P. Putrajaya,MY-16,Central,,,,,,official_survey,DOSM HIES Table 6
2002,W.P. Putrajaya,MY-16,Central,,,,,,official_survey,DOSM HIES Table 6
2004,W.P. Putrajaya,MY-16,Central,,,,,,official_survey,DOSM HIES Table 6
2007,W.P. Putrajaya,MY-16,Central,14.748,14748.0,4288.0,5294.0,1.235,official_survey,DOSM HIES Table 6
2009,W.P. Putrajaya,MY-16,Central,15.484,15484.0,5450.0,6747.0,1.238,official_survey,DOSM HIES Table 6
2012,W.P. Putrajaya,MY-16,Central,31.415,31415.0,6486.0,8101.0,1.249,official_survey,DOSM HIES Table 6
2014,W.P. Putrajaya,MY-16,Central,24.5,24500.0,7512.0,10401.0,1.385,official_survey,DOSM HIES Table 6
2016,W.P. Putrajaya,MY-16,Central,26.9,26900.0,8275.0,11555.0,1.396,official_survey,DOSM HIES Table 6
2019,W.P. Putrajaya,MY-16,Central,32.7,32700.0,9983.0,12840.0,1.286,official_survey,DOSM HIES Table 6
2022,W.P. Putrajaya,MY-16,Central,30.9,30900.0,10056.0,13473.0,1.34,official_survey,DOSM HIES Table 6
2024,W.P. Putrajaya,MY-16,Central,32.864,32864.0,10769.0,13846.0,1.286,official_survey,DOSM HIES Table 6
