year,state,total_population_thousands,total_population_millions,children_0_14_thousands,dts_15_24_thousands,dts_25_39_thousands,dts_40_54_thousands,dts_55plus_thousands,adult_15plus_thousands,working_age_thousands,elderly_65plus_thousands,children_pct,working_age_pct,elderly_pct,dts_15_24_pct,dts_25_39_pct,dts_40_54_pct,dts_55plus_pct,dependency_ratio,state_code,region,households_thousands,households_count,median_household_income_rm,mean_household_income_rm,avg_household_size,data_status
2018,Johor,3749.4,3.7494,884.4,688.5,956.5,650.4,569.6,2865.0,2605.2,259.8,23.6,69.5,6.9,24.0,33.4,22.7,19.9,43.9,MY-01,Southern,863.968,863968,6157.5,7633.7,4.34,official_dosm_estimates
2019,Johor,3761.2,3.7612,882.0,686.9,951.1,654.1,587.1,2879.2,2608.9,270.3,23.4,69.4,7.2,23.9,33.0,22.7,20.4,44.2,MY-01,Southern,879.3,879300,6427.0,8013.0,4.28,official_dosm_estimates
2020,Johor,4009.7,4.0097,959.3,734.1,1018.8,706.5,590.9,3050.3,2805.7,244.6,23.9,70.0,6.1,24.1,33.4,23.2,19.4,42.9,MY-01,Southern,917.638,917638,6574.3,8177.6,4.37,official_dosm_estimates
2021,Johor,4020.0,4.02,949.3,727.2,1015.7,716.2,611.8,3070.9,2812.3,258.6,23.6,70.0,6.4,23.7,33.1,23.3,19.9,43.0,MY-01,Southern,957.647,957647,6724.9,8345.6,4.2,official_dosm_estimates
2022,Johor,4028.3,4.0283,930.9,724.5,1016.4,727.7,628.6,3097.2,2827.3,269.9,23.1,70.2,6.7,23.4,32.8,23.5,20.3,42.5,MY-01,Southern,999.4,999400,6879.0,8517.0,4.03,official_dosm_estimates
2023,Johor,4107.2,4.1072,914.2,741.7,1045.3,750.5,655.5,3193.0,2904.3,288.7,22.3,70.7,7.0,23.2,32.7,23.5,20.5,41.4,MY-01,Southern,1018.505,1018505,7283.6,8987.5,4.03,official_dosm_estimates
2024,Johor,4184.4,4.1844,909.5,742.8,1075.0,773.1,683.9,3274.8,2965.6,309.2,21.7,70.9,7.4,22.7,32.8,23.6,20.9,41.1,MY-01,Southern,1037.976,1037976,7712.0,9484.0,4.03,official_dosm_estimates
2025,Johor,4204.1,4.2041,880.5,751.9,1080.9,785.8,704.9,3323.5,2998.4,325.1,20.9,71.3,7.7,22.6,32.5,23.6,21.2,40.2,MY-01,Southern,1057.819,1057819,8165.6,10007.9,3.97,official_dosm_estimates
2018,Kedah,2163.0,2.163,536.0,433.1,482.3,354.1,357.0,1626.5,1461.0,165.5,24.8,67.5,7.7,26.6,29.7,21.8,21.9,48.0,MY-02,Northern,490.908,490908,4146.4,5331.9,4.41,official_dosm_estimates
2019,Kedah,2173.7,2.1737,534.7,427.5,490.7,353.0,368.0,1639.2,1466.2,173.0,24.6,67.5,8.0,26.1,29.9,21.5,22.4,48.3,MY-02,Northern,497.7,497700,4325.0,5522.0,4.37,official_dosm_estimates
2020,Kedah,2131.4,2.1314,538.9,407.1,484.3,340.9,360.3,1592.6,1424.1,168.5,25.3,66.8,7.9,25.6,30.4,21.4,22.6,49.7,MY-02,Northern,509.581,509581,4350.5,5531.3,4.18,official_dosm_estimates
2021,Kedah,2151.7,2.1517,536.5,399.3,498.9,342.6,374.4,1615.2,1436.0,179.2,24.9,66.7,8.3,24.7,30.9,21.2,23.2,49.8,MY-02,Northern,521.745,521745,4376.2,5540.7,4.12,official_dosm_estimates
2022,Kedah,2163.1,2.1631,533.5,391.1,515.3,342.6,380.8,1629.8,1444.8,185.0,24.7,66.8,8.6,24.0,31.6,21.0,23.4,49.7,MY-02,Northern,534.2,534200,4402.0,5550.0,4.05,official_dosm_estimates
2023,Kedah,2189.3,2.1893,535.0,384.0,534.9,345.3,390.0,1654.2,1461.4,192.8,24.4,66.8,8.8,23.2,32.3,20.9,23.6,49.8,MY-02,Northern,543.093,543093,4642.0,5670.2,4.03,official_dosm_estimates
2024,Kedah,2217.1,2.2171,533.7,379.7,554.8,348.9,400.1,1683.5,1482.0,201.5,24.1,66.8,9.1,22.6,33.0,20.7,23.8,49.6,MY-02,Northern,552.135,552135,4895.0,5793.0,4.02,official_dosm_estimates
2025,Kedah,2227.1,2.2271,527.0,374.0,566.2,351.5,408.5,1700.2,1490.8,209.4,23.7,66.9,9.4,22.0,33.3,20.7,24.0,49.4,MY-02,Northern,561.327,561327,5161.8,5918.5,3.97,official_dosm_estimates
2018,Kelantan,1860.5,1.8605,558.9,392.9,391.0,258.1,259.4,1301.4,1183.4,118.0,30.0,63.6,6.3,30.2,30.0,19.8,19.9,57.2,MY-03,East Coast,342.34,342340,3393.8,4643.2,5.43,official_dosm_estimates
2019,Kelantan,1883.8,1.8838,561.3,385.2,413.3,256.9,267.2,1322.6,1200.4,122.2,29.8,63.7,6.5,29.1,31.2,19.4,20.2,56.9,MY-03,East Coast,345.4,345400,3563.0,4874.0,5.45,official_dosm_estimates
2020,Kelantan,1792.5,1.7925,537.2,378.8,355.8,256.9,264.0,1255.5,1141.3,114.2,30.0,63.7,6.4,30.2,28.3,20.5,21.0,57.1,MY-03,East Coast,349.485,349485,3579.9,4877.7,5.13,official_dosm_estimates
2021,Kelantan,1812.3,1.8123,538.9,379.9,364.8,257.3,271.4,1273.4,1153.6,119.8,29.7,63.7,6.6,29.8,28.6,20.2,21.3,57.1,MY-03,East Coast,353.618,353618,3596.9,4881.3,5.13,official_dosm_estimates
2022,Kelantan,1830.6,1.8306,539.1,382.4,374.9,259.3,275.0,1291.6,1168.9,122.7,29.4,63.9,6.7,29.6,29.0,20.1,21.3,56.6,MY-03,East Coast,357.8,357800,3614.0,4885.0,5.12,official_dosm_estimates
2023,Kelantan,1859.8,1.8598,536.6,389.2,389.6,262.8,281.4,1323.0,1195.5,127.5,28.9,64.3,6.9,29.4,29.4,19.9,21.3,55.5,MY-03,East Coast,362.247,362247,3841.3,5071.4,5.13,official_dosm_estimates
2024,Kelantan,1887.9,1.8879,533.9,389.5,407.9,268.8,287.8,1354.0,1221.1,132.9,28.3,64.7,7.0,28.8,30.1,19.9,21.3,54.6,MY-03,East Coast,366.75,366750,4083.0,5265.0,5.15,official_dosm_estimates
2025,Kelantan,1906.9,1.9069,526.7,387.1,421.7,274.4,297.0,1380.2,1239.0,141.2,27.6,65.0,7.4,28.0,30.6,19.9,21.5,53.9,MY-03,East Coast,371.309,371309,4339.9,5465.9,5.14,official_dosm_estimates
2018,Melaka,922.4,0.9224,211.7,174.2,235.9,146.2,154.6,710.9,636.8,74.1,23.0,69.0,8.0,24.5,33.2,20.6,21.7,44.9,MY-04,Southern,223.03,223030,5894.5,7431.5,4.14,official_dosm_estimates
2019,Melaka,928.4,0.9284,211.4,168.9,242.6,145.7,159.8,717.0,639.9,77.1,22.8,68.9,8.3,23.6,33.8,20.3,22.3,45.1,MY-04,Southern,227.9,227900,6054.0,7741.0,4.07,official_dosm_estimates
2020,Melaka,998.4,0.9984,234.0,194.1,260.5,170.2,139.6,764.4,701.2,63.2,23.4,70.2,6.3,25.4,34.1,22.3,18.3,42.4,MY-04,Southern,238.743,238743,6105.6,7844.9,4.18,official_dosm_estimates
2021,Melaka,1004.5,1.0045,234.1,190.4,263.7,173.8,142.6,770.5,705.4,65.1,23.3,70.2,6.5,24.7,34.2,22.6,18.5,42.4,MY-04,Southern,250.101,250101,6157.6,7950.3,4.02,official_dosm_estimates
2022,Melaka,1008.6,1.0086,234.9,186.9,264.7,177.9,144.1,773.6,706.7,66.9,23.3,70.1,6.6,24.2,34.2,23.0,18.6,42.7,MY-04,Southern,262.0,262000,6210.0,8057.0,3.85,official_dosm_estimates
2023,Melaka,1028.3,1.0283,234.9,185.9,276.9,184.0,146.5,793.3,724.3,69.0,22.8,70.4,6.7,23.4,34.9,23.2,18.5,42.0,MY-04,Southern,268.286,268286,6541.6,8365.6,3.83,official_dosm_estimates
2024,Melaka,1046.7,1.0467,233.5,184.3,289.4,191.4,148.2,813.3,742.5,70.8,22.3,70.9,6.8,22.7,35.6,23.5,18.2,41.0,MY-04,Southern,274.723,274723,6891.0,8686.0,3.81,official_dosm_estimates
2025,Melaka,1052.0,1.052,229.8,178.5,293.2,196.2,154.4,822.3,745.9,76.4,21.8,70.9,7.3,21.7,35.7,23.9,18.8,41.1,MY-04,Southern,281.314,281314,7259.0,9018.7,3.74,official_dosm_estimates
2018,Negeri Sembilan,1122.9,1.1229,259.7,220.8,274.8,178.5,189.0,863.1,777.1,86.0,23.1,69.2,7.7,25.6,31.8,20.7,21.9,44.5,MY-05,Central,265.08,265080,4858.8,6421.7,4.24,official_dosm_estimates
2019,Negeri Sembilan,1126.2,1.1262,257.0,217.5,279.2,177.9,194.5,869.1,778.4,90.7,22.8,69.1,8.1,25.0,32.1,20.5,22.4,44.7,MY-05,Central,270.8,270800,5005.0,6707.0,4.16,official_dosm_estimates
2020,Negeri Sembilan,1200.0,1.2,302.1,200.4,314.6,192.9,190.1,898.0,816.6,81.4,25.2,68.0,6.8,22.3,35.0,21.5,21.2,47.0,MY-05,Central,283.069,283069,5077.6,6733.9,4.24,official_dosm_estimates
2021,Negeri Sembilan,1204.2,1.2042,300.9,200.6,309.9,196.7,196.0,903.2,817.2,86.0,25.0,67.9,7.1,22.2,34.3,21.8,21.7,47.3,MY-05,Central,295.894,295894,5151.3,6760.9,4.07,official_dosm_estimates
2022,Negeri Sembilan,1207.9,1.2079,299.4,200.9,307.3,202.1,198.3,908.6,820.3,88.3,24.8,67.9,7.3,22.1,33.8,22.2,21.8,47.3,MY-05,Central,309.3,309300,5226.0,6788.0,3.91,official_dosm_estimates
2023,Negeri Sembilan,1224.9,1.2249,296.5,205.1,312.8,208.9,201.4,928.2,836.6,91.6,24.2,68.3,7.5,22.1,33.7,22.5,21.7,46.4,MY-05,Central,315.978,315978,5405.4,7041.8,3.88,official_dosm_estimates
2024,Negeri Sembilan,1239.5,1.2395,294.5,205.9,317.4,217.9,204.0,945.2,850.5,94.7,23.8,68.6,7.6,21.8,33.6,23.1,21.6,45.8,MY-05,Central,322.801,322801,5591.0,7305.0,3.84,official_dosm_estimates
2025,Negeri Sembilan,1243.9,1.2439,286.7,204.2,314.2,227.9,211.2,957.5,857.0,100.5,23.0,68.9,8.1,21.3,32.8,23.8,22.1,45.2,MY-05,Central,329.771,329771,5783.0,7578.1,3.77,official_dosm_estimates
2018,Pahang,1664.7,1.6647,423.9,319.9,426.0,246.6,248.3,1240.8,1125.0,115.8,25.5,67.6,7.0,25.8,34.3,19.9,20.0,48.0,MY-06,East Coast,342.659,342659,4280.7,5439.7,4.86,official_dosm_estimates
2019,Pahang,1671.4,1.6714,420.1,314.5,434.4,246.4,256.1,1251.4,1130.4,121.0,25.1,67.6,7.2,25.1,34.7,19.7,20.5,47.9,MY-06,East Coast,348.8,348800,4440.0,5667.0,4.79,official_dosm_estimates
2020,Pahang,1591.3,1.5913,424.6,279.2,392.2,278.7,216.6,1166.7,1066.4,100.3,26.7,67.0,6.3,23.9,33.6,23.9,18.6,49.2,MY-06,East Coast,359.721,359721,4542.0,5703.4,4.42,official_dosm_estimates
2021,Pahang,1601.5,1.6015,418.4,287.2,385.7,287.5,222.8,1183.2,1079.1,104.1,26.1,67.4,6.5,24.3,32.6,24.3,18.8,48.4,MY-06,East Coast,370.984,370984,4646.3,5740.1,4.32,official_dosm_estimates
2022,Pahang,1614.3,1.6143,411.4,294.9,383.1,297.9,226.9,1202.8,1095.9,106.9,25.5,67.9,6.6,24.5,31.9,24.8,18.9,47.3,MY-06,East Coast,382.6,382600,4753.0,5777.0,4.22,official_dosm_estimates
2023,Pahang,1643.2,1.6432,405.7,305.8,391.4,307.9,232.4,1237.5,1127.3,110.2,24.7,68.6,6.7,24.7,31.6,24.9,18.8,45.8,MY-06,East Coast,389.476,389476,4862.7,5919.7,4.22,official_dosm_estimates
2024,Pahang,1667.7,1.6677,398.5,312.5,398.8,320.7,237.3,1269.3,1156.3,113.0,23.9,69.3,6.8,24.6,31.4,25.3,18.7,44.2,MY-06,East Coast,396.475,396475,4975.0,6066.0,4.21,official_dosm_estimates
2025,Pahang,1676.8,1.6768,389.2,313.2,396.2,330.9,247.5,1287.8,1168.5,119.3,23.2,69.7,7.1,24.3,30.8,25.7,19.2,43.5,MY-06,East Coast,403.6,403600,5089.9,6215.9,4.15,official_dosm_estimates
2018,Perak,2503.5,2.5035,541.9,488.1,561.4,405.6,506.3,1961.4,1705.4,256.0,21.6,68.1,10.2,24.9,28.6,20.7,25.8,46.8,MY-08,Northern,632.526,632526,4182.1,5444.6,3.96,official_dosm_estimates
2019,Perak,2508.8,2.5088,530.1,481.2,578.7,399.8,519.0,1978.7,1712.6,266.1,21.1,68.3,10.6,24.3,29.2,20.2,26.2,46.5,MY-08,Northern,639.4,639400,4273.0,5645.0,3.92,official_dosm_estimates
2020,Perak,2496.0,2.496,578.7,442.5,569.6,432.3,473.1,1917.5,1694.2,223.3,23.2,67.9,8.9,23.1,29.7,22.5,24.7,47.3,MY-08,Northern,642.881,642881,4345.4,5689.3,3.88,official_dosm_estimates
2021,Perak,2515.8,2.5158,573.9,445.6,572.7,438.2,485.3,1941.8,1707.6,234.2,22.8,67.9,9.3,22.9,29.5,22.6,25.0,47.3,MY-08,Northern,646.381,646381,4419.1,5734.0,3.89,official_dosm_estimates
2022,Perak,2514.4,2.5144,564.7,445.0,572.3,442.8,489.6,1949.7,1710.0,239.7,22.5,68.0,9.5,22.8,29.4,22.7,25.1,47.0,MY-08,Northern,649.9,649900,4494.0,5779.0,3.87,official_dosm_estimates
2023,Perak,2541.2,2.5412,554.0,450.4,588.6,451.0,497.3,1987.3,1740.1,247.2,21.8,68.5,9.7,22.7,29.6,22.7,25.0,46.0,MY-08,Northern,655.336,655336,4589.5,5972.8,3.88,official_dosm_estimates
2024,Perak,2569.4,2.5694,545.3,448.0,609.5,463.2,503.6,2024.3,1769.7,254.6,21.2,68.9,9.9,22.1,30.1,22.9,24.9,45.2,MY-08,Northern,660.817,660817,4687.0,6173.0,3.89,official_dosm_estimates
2025,Perak,2573.8,2.5738,527.8,442.0,616.1,472.5,515.6,2046.2,1780.2,266.0,20.5,69.2,10.3,21.6,30.1,23.1,25.2,44.6,MY-08,Northern,666.344,666344,4786.6,6380.0,3.86,official_dosm_estimates
2018,Perlis,253.5,0.2535,61.9,46.1,62.5,37.4,45.8,191.8,169.3,22.5,24.4,66.8,8.9,24.0,32.6,19.5,23.9,49.9,MY-09,Northern,57.955,57955,4460.1,5311.8,4.37,official_dosm_estimates
2019,Perlis,254.0,0.254,62.0,43.3,65.5,36.5,46.8,192.1,168.9,23.2,24.4,66.5,9.1,22.5,34.1,19.0,24.4,50.4,MY-09,Northern,58.8,58800,4594.0,5476.0,4.32,official_dosm_estimates
2020,Perlis,284.9,0.2849,58.2,69.4,59.8,51.5,45.9,226.6,204.2,22.4,20.4,71.7,7.9,30.6,26.4,22.7,20.3,39.5,MY-09,Northern,63.994,63994,4633.3,5538.0,4.45,official_dosm_estimates
2021,Perlis,287.6,0.2876,57.3,69.1,62.1,52.3,46.8,230.3,207.3,23.0,19.9,72.1,8.0,30.0,27.0,22.7,20.3,38.7,MY-09,Northern,69.647,69647,4673.0,5600.6,4.13,official_dosm_estimates
2022,Perlis,289.8,0.2898,57.5,66.8,64.8,53.5,47.1,232.2,208.9,23.3,19.8,72.1,8.0,28.8,27.9,23.0,20.3,38.7,MY-09,Northern,75.8,75800,4713.0,5664.0,3.82,official_dosm_estimates
2023,Perlis,293.1,0.2931,57.2,64.7,68.8,54.4,47.9,235.8,211.9,23.9,19.5,72.3,8.2,27.4,29.2,23.1,20.3,38.3,MY-09,Northern,77.923,77923,4830.0,5827.6,3.76,official_dosm_estimates
2024,Perlis,296.8,0.2968,58.0,61.4,72.9,56.1,48.5,238.9,214.4,24.5,19.5,72.2,8.3,25.7,30.5,23.5,20.3,38.5,MY-09,Northern,80.105,80105,4950.0,5996.0,3.71,official_dosm_estimates
2025,Perlis,297.0,0.297,57.3,58.2,74.2,58.1,49.5,240.0,214.6,25.4,19.3,72.3,8.6,24.3,30.9,24.2,20.6,38.5,MY-09,Northern,82.348,82348,5072.9,6169.2,3.61,official_dosm_estimates
2018,Pulau Pinang,1762.8,1.7628,341.2,304.5,475.7,330.9,310.5,1421.6,1274.3,147.3,19.4,72.3,8.4,21.4,33.5,23.3,21.8,38.3,MY-07,Northern,442.652,442652,5904.5,7424.2,3.98,official_dosm_estimates
2019,Pulau Pinang,1768.8,1.7688,337.2,299.1,479.4,333.2,320.0,1431.7,1278.2,153.5,19.1,72.3,8.7,20.9,33.5,23.3,22.4,38.4,MY-07,Northern,448.7,448700,6169.0,7774.0,3.94,official_dosm_estimates
2020,Pulau Pinang,1740.4,1.7404,349.8,290.0,476.3,338.1,286.3,1390.7,1275.6,115.1,20.1,73.3,6.6,20.9,34.2,24.3,20.6,36.4,MY-07,Northern,458.357,458357,6278.1,7935.0,3.8,official_dosm_estimates
2021,Pulau Pinang,1740.0,1.74,342.9,283.0,475.6,341.8,296.5,1396.9,1274.4,122.5,19.7,73.2,7.0,20.3,34.0,24.5,21.2,36.5,MY-07,Northern,468.222,468222,6389.0,8099.3,3.72,official_dosm_estimates
2022,Pulau Pinang,1740.9,1.7409,336.6,277.4,475.6,346.5,304.9,1404.4,1275.8,128.6,19.3,73.3,7.4,19.8,33.9,24.7,21.7,36.5,MY-07,Northern,478.3,478300,6502.0,8267.0,3.64,official_dosm_estimates
2023,Pulau Pinang,1772.6,1.7726,337.4,278.3,486.1,354.8,315.9,1435.1,1299.1,136.0,19.0,73.3,7.7,19.4,33.9,24.7,22.0,36.4,MY-07,Northern,484.995,484995,6929.9,8698.3,3.65,official_dosm_estimates
2024,Pulau Pinang,1800.5,1.8005,337.0,278.9,493.9,362.8,327.8,1463.4,1319.1,144.3,18.7,73.3,8.0,19.1,33.8,24.8,22.4,36.5,MY-07,Northern,491.784,491784,7386.0,9152.0,3.66,official_dosm_estimates
2025,Pulau Pinang,1804.3,1.8043,331.7,274.5,491.1,368.4,338.6,1472.6,1320.7,151.9,18.4,73.2,8.4,18.6,33.3,25.0,23.0,36.6,MY-07,Northern,498.668,498668,7872.1,9629.4,3.62,official_dosm_estimates
2018,Sabah,3898.4,3.8984,923.7,913.9,1168.4,553.9,338.5,2974.7,2846.0,128.7,23.7,73.0,3.3,30.7,39.3,18.6,11.4,37.0,MY-12,East Malaysia,506.411,506411,4193.1,5611.6,7.7,official_dosm_estimates
2019,Sabah,3904.4,3.9044,911.8,903.9,1177.6,558.8,352.4,2992.7,2858.1,134.6,23.4,73.2,3.4,30.2,39.3,18.7,11.8,36.6,MY-12,East Malaysia,513.2,513200,4235.0,5745.0,7.61,official_dosm_estimates
2020,Sabah,3418.8,3.4188,907.1,700.9,953.0,475.9,381.9,2511.7,2319.7,192.0,26.5,67.9,5.6,27.9,37.9,18.9,15.2,47.4,MY-12,East Malaysia,541.03,541030,4346.1,5883.6,6.32,official_dosm_estimates
2021,Sabah,3412.6,3.4126,882.8,699.6,951.3,488.8,390.0,2529.7,2334.0,195.7,25.9,68.4,5.7,27.7,37.6,19.3,15.4,46.2,MY-12,East Malaysia,570.37,570370,4460.0,6025.6,5.98,official_dosm_estimates
2022,Sabah,3414.9,3.4149,856.0,704.3,950.6,504.7,399.6,2559.2,2357.6,201.6,25.1,69.0,5.9,27.5,37.1,19.7,15.6,44.9,MY-12,East Malaysia,601.3,601300,4577.0,6171.0,5.68,official_dosm_estimates
2023,Sabah,3596.7,3.5967,878.0,753.0,1003.3,540.8,421.6,2718.7,2501.9,216.8,24.4,69.6,6.0,27.7,36.9,19.9,15.5,43.8,MY-12,East Malaysia,617.671,617671,4730.9,6332.4,5.82,official_dosm_estimates
2024,Sabah,3742.0,3.742,889.0,793.0,1044.2,573.6,442.2,2853.0,2621.9,231.1,23.8,70.1,6.2,27.8,36.6,20.1,15.5,42.7,MY-12,East Malaysia,634.488,634488,4890.0,6498.0,5.9,official_dosm_estimates
2025,Sabah,3754.5,3.7545,869.9,798.7,1041.2,590.8,453.8,2884.5,2647.0,237.5,23.2,70.5,6.3,27.7,36.1,20.5,15.7,41.8,MY-12,East Malaysia,651.763,651763,5054.4,6667.9,5.76,official_dosm_estimates
2018,Sarawak,2791.7,2.7917,651.4,544.9,690.9,471.2,433.2,2140.2,1938.0,202.2,23.3,69.4,7.2,25.5,32.3,22.0,20.2,44.0,MY-13,East Malaysia,618.047,618047,4413.2,5761.9,4.52,official_dosm_estimates
2019,Sarawak,2806.0,2.806,636.1,542.7,705.7,471.2,450.4,2170.0,1957.2,212.8,22.7,69.8,7.6,25.0,32.5,21.7,20.8,43.4,MY-13,East Malaysia,625.4,625400,4544.0,5959.0,4.49,official_dosm_estimates
2020,Sarawak,2453.7,2.4537,540.3,423.9,621.6,456.5,411.4,1913.4,1728.6,184.8,22.0,70.4,7.5,22.2,32.5,23.9,21.5,41.9,MY-13,East Malaysia,615.718,615718,4684.3,6120.6,3.99,official_dosm_estimates
2021,Sarawak,2465.6,2.4656,532.5,423.4,624.7,458.2,426.6,1932.9,1739.7,193.2,21.6,70.6,7.8,21.9,32.3,23.7,22.1,41.7,MY-13,East Malaysia,606.185,606185,4828.9,6286.5,4.07,official_dosm_estimates
2022,Sarawak,2473.5,2.4735,521.3,423.4,628.2,464.6,436.1,1952.3,1753.7,198.6,21.1,70.9,8.0,21.7,32.2,23.8,22.3,41.1,MY-13,East Malaysia,596.8,596800,4978.0,6457.0,4.14,official_dosm_estimates
2023,Sarawak,2502.3,2.5023,513.6,428.4,640.3,468.7,451.4,1988.8,1780.3,208.5,20.5,71.1,8.3,21.5,32.2,23.6,22.7,40.6,MY-13,East Malaysia,604.5,604500,5234.4,6697.5,4.14,official_dosm_estimates
2024,Sarawak,2517.5,2.5175,506.9,426.2,645.3,474.8,464.2,2010.5,1793.0,217.5,20.1,71.2,8.6,21.2,32.1,23.6,23.1,40.4,MY-13,East Malaysia,612.299,612299,5504.0,6947.0,4.11,official_dosm_estimates
2025,Sarawak,2528.9,2.5289,494.9,421.9,648.0,478.0,486.1,2034.0,1801.6,232.4,19.6,71.2,9.2,20.7,31.9,23.5,23.9,40.4,MY-13,East Malaysia,620.199,620199,5787.5,7205.8,4.08,official_dosm_estimates
2018,Selangor,6475.0,6.475,1513.0,1030.8,1995.9,1155.1,780.2,4962.0,4638.3,323.7,23.4,71.6,5.0,20.8,40.2,23.3,15.7,39.6,MY-10,Central,1598.53,1598530,7867.6,10351.8,4.05,official_dosm_estimates
2019,Selangor,6506.1,6.5061,1510.4,1027.4,1971.1,1180.4,816.9,4995.8,4654.3,341.5,23.2,71.5,5.2,20.6,39.5,23.6,16.4,39.8,MY-10,Central,1623.1,1623100,8210.0,10827.0,4.01,official_dosm_estimates
2020,Selangor,6994.4,6.9944,1549.6,1087.8,2044.5,1297.0,1015.5,5444.8,4962.2,482.6,22.2,70.9,6.9,20.0,37.5,23.8,18.7,41.0,MY-10,Central,1672.168,1672168,8762.9,11276.7,4.18,official_dosm_estimates
2021,Selangor,7014.7,7.0147,1531.6,1081.2,2006.7,1338.5,1056.9,5483.3,4978.8,504.5,21.8,71.0,7.2,19.7,36.6,24.4,19.3,40.9,MY-10,Central,1722.72,1722720,9353.1,11745.1,4.07,official_dosm_estimates
2022,Selangor,7050.3,7.0503,1516.7,1080.1,1972.7,1387.2,1093.8,5533.8,5008.9,524.9,21.5,71.0,7.4,19.5,35.6,25.1,19.8,40.8,MY-10,Central,1774.8,1774800,9983.0,12233.0,3.97,official_dosm_estimates
2023,Selangor,7209.7,7.2097,1532.2,1096.8,1979.7,1453.9,1147.2,5677.6,5120.0,557.6,21.3,71.0,7.7,19.3,34.9,25.6,20.2,40.8,MY-10,Central,1815.659,1815659,10347.8,12753.4,3.97,official_dosm_estimates
2024,Selangor,7362.7,7.3627,1541.5,1112.1,1984.2,1521.7,1203.3,5821.3,5228.5,592.8,20.9,71.0,8.1,19.1,34.1,26.1,20.7,40.8,MY-10,Central,1857.459,1857459,10726.0,13296.0,3.96,official_dosm_estimates
2025,Selangor,7408.7,7.4087,1527.3,1107.5,1947.5,1577.8,1248.4,5881.2,5261.7,619.5,20.6,71.0,8.4,18.8,33.1,26.8,21.2,40.8,MY-10,Central,1900.221,1900221,11118.0,13861.7,3.9,official_dosm_estimates
2018,Terengganu,1228.3,1.2283,372.1,247.3,279.8,172.2,157.0,856.3,788.3,68.0,30.3,64.2,5.5,28.9,32.7,20.1,18.3,55.8,MY-11,East Coast,251.174,251174,5245.4,6449.4,4.89,official_dosm_estimates
2019,Terengganu,1244.5,1.2445,376.2,244.6,289.4,172.4,162.0,868.4,797.9,70.5,30.2,64.1,5.7,28.2,33.3,19.9,18.7,56.0,MY-11,East Coast,257.6,257600,5545.0,6815.0,4.83,official_dosm_estimates
2020,Terengganu,1149.4,1.1494,329.1,220.5,268.7,178.3,152.9,820.4,757.1,63.3,28.6,65.9,5.5,26.9,32.8,21.7,18.6,51.8,MY-11,East Coast,265.301,265301,5653.8,6956.4,4.33,official_dosm_estimates
2021,Terengganu,1170.7,1.1707,333.7,223.7,271.8,183.5,158.1,837.1,770.1,67.0,28.5,65.8,5.7,26.7,32.5,21.9,18.9,52.0,MY-11,East Coast,273.232,273232,5764.8,7100.7,4.28,official_dosm_estimates
2022,Terengganu,1186.6,1.1866,336.8,226.7,274.2,188.4,160.6,849.9,781.2,68.7,28.4,65.8,5.8,26.7,32.3,22.2,18.9,51.9,MY-11,East Coast,281.4,281400,5878.0,7248.0,4.22,official_dosm_estimates
2023,Terengganu,1210.0,1.21,340.2,229.6,281.3,193.7,165.3,869.9,798.1,71.8,28.1,66.0,5.9,26.4,32.3,22.3,19.0,51.6,MY-11,East Coast,288.02,288020,6241.3,7435.1,4.2,official_dosm_estimates
2024,Terengganu,1231.5,1.2315,343.0,229.1,289.3,200.9,169.3,888.6,813.8,74.8,27.9,66.1,6.1,25.8,32.6,22.6,19.1,51.3,MY-11,East Coast,294.796,294796,6627.0,7627.0,4.18,official_dosm_estimates
2025,Terengganu,1245.8,1.2458,343.2,226.1,294.3,207.1,174.8,902.3,823.6,78.7,27.5,66.1,6.3,25.1,32.6,23.0,19.4,51.2,MY-11,East Coast,301.731,301731,7036.6,7823.9,4.13,official_dosm_estimates
2018,W.P. Kuala Lumpur,1790.0,1.79,364.0,269.2,530.4,350.6,275.7,1425.9,1304.6,121.3,20.3,72.9,6.8,18.9,37.2,24.6,19.3,37.2,MY-14,Central,476.612,476612,10032.1,12713.3,3.76,official_dosm_estimates
2019,W.P. Kuala Lumpur,1782.5,1.7825,359.1,264.2,517.4,354.8,287.1,1423.5,1295.8,127.7,20.1,72.7,7.2,18.6,36.3,24.9,20.2,37.6,MY-14,Central,484.3,484300,10549.0,13257.0,3.68,official_dosm_estimates
2020,W.P. Kuala Lumpur,1982.1,1.9821,395.8,251.0,658.9,417.1,259.2,1586.2,1455.9,130.3,20.0,73.5,6.6,15.8,41.5,26.3,16.3,36.1,MY-14,Central,506.195,506195,10442.9,13279.6,3.92,official_dosm_estimates
2021,W.P. Kuala Lumpur,1964.0,1.964,382.9,255.7,629.6,432.3,263.6,1581.2,1449.7,131.5,19.5,73.8,6.7,16.2,39.8,27.3,16.7,35.5,MY-14,Central,529.08,529080,10337.9,13302.3,3.71,official_dosm_estimates
2022,W.P. Kuala Lumpur,1961.2,1.9612,371.5,261.9,603.2,457.2,267.3,1589.6,1457.0,132.6,18.9,74.3,6.8,16.5,37.9,28.8,16.8,34.6,MY-14,Central,553.0,553000,10234.0,13325.0,3.55,official_dosm_estimates
2023,W.P. Kuala Lumpur,2005.7,2.0057,364.7,272.8,603.8,489.2,275.1,1640.9,1504.4,136.5,18.2,75.0,6.8,16.6,36.8,29.8,16.8,33.3,MY-14,Central,563.669,563669,10514.2,13651.0,3.56,official_dosm_estimates
2024,W.P. Kuala Lumpur,2067.5,2.0675,358.6,285.5,613.8,528.0,281.7,1709.0,1569.0,140.0,17.3,75.9,6.8,16.7,35.9,30.9,16.5,31.8,MY-14,Central,574.543,574543,10802.0,13985.0,3.6,official_dosm_estimates
2025,W.P. Kuala Lumpur,2075.2,2.0752,349.9,285.5,590.7,549.9,299.1,1725.2,1578.5,146.7,16.9,76.1,7.1,16.5,34.2,31.9,17.3,31.5,MY-14,Central,585.627,585627,11097.7,14327.2,3.54,official_dosm_estimates
2018,W.P. Labuan,99.0,0.099,26.5,16.4,29.4,15.9,10.7,72.4,68.3,4.1,26.8,69.0,4.1,22.7,40.6,22.0,14.8,44.8,MY-15,East Malaysia,22.691,22691,6448.7,8270.4,4.36,official_dosm_estimates
2019,W.P. Labuan,99.3,0.0993,26.3,16.3,29.3,16.1,11.3,73.0,68.7,4.3,26.5,69.2,4.3,22.3,40.1,22.1,15.5,44.5,MY-15,East Malaysia,23.7,23700,6726.0,8319.0,4.19,official_dosm_estimates
2020,W.P. Labuan,95.1,0.0951,26.0,16.8,27.3,14.4,10.5,69.0,65.0,4.0,27.3,68.3,4.2,24.3,39.6,20.9,15.2,46.2,MY-15,East Malaysia,22.978,22978,6784.8,8295.9,4.14,official_dosm_estimates
2021,W.P. Labuan,96.0,0.096,26.2,16.5,27.2,15.1,10.9,69.7,65.6,4.1,27.3,68.3,4.3,23.7,39.0,21.7,15.6,46.2,MY-15,East Malaysia,22.278,22278,6844.1,8272.9,4.31,official_dosm_estimates
2022,W.P. Labuan,96.9,0.0969,26.4,16.2,26.8,16.0,11.5,70.5,65.9,4.6,27.2,68.0,4.7,23.0,38.0,22.7,16.3,47.0,MY-15,East Malaysia,21.6,21600,6904.0,8250.0,4.49,official_dosm_estimates
2023,W.P. Labuan,99.0,0.099,26.2,16.8,26.7,17.1,12.3,72.9,68.0,4.9,26.5,68.7,4.9,23.0,36.6,23.5,16.9,45.7,MY-15,East Malaysia,22.14,22140,7139.5,8401.1,4.47,official_dosm_estimates
2024,W.P. Labuan,100.8,0.1008,26.6,16.8,26.5,18.4,12.6,74.3,69.1,5.2,26.4,68.6,5.2,22.6,35.7,24.8,17.0,46.0,MY-15,East Malaysia,22.694,22694,7383.0,8555.0,4.44,official_dosm_estimates
2025,W.P. Labuan,100.9,0.1009,25.5,17.0,25.6,19.7,13.1,75.4,69.9,5.5,25.3,69.3,5.5,22.5,34.0,26.1,17.4,44.3,MY-15,East Malaysia,23.262,23262,7634.8,8711.7,4.34,official_dosm_estimates
2018,W.P. Putrajaya,97.2,0.0972,35.4,13.7,28.1,13.1,6.9,61.8,60.4,1.4,36.4,62.1,1.4,22.2,45.5,21.2,11.2,60.9,MY-16,Central,30.64,30640,9377.7,12396.5,3.17,official_dosm_estimates
2019,W.P. Putrajaya,103.7,0.1037,36.9,15.7,28.1,15.1,7.8,66.7,65.0,1.7,35.6,62.7,1.6,23.5,42.1,22.6,11.7,59.4,MY-16,Central,32.7,32700,9983.0,12840.0,3.17,official_dosm_estimates
2020,W.P. Putrajaya,109.2,0.1092,41.5,10.1,35.4,16.9,5.3,67.7,66.1,1.6,38.0,60.5,1.5,14.9,52.3,25.0,7.8,65.2,MY-16,Central,32.089,32089,10007.3,13047.6,3.4,official_dosm_estimates
2021,W.P. Putrajaya,115.2,0.1152,43.3,11.2,34.7,20.3,5.9,72.1,70.3,1.8,37.6,61.0,1.6,15.5,48.1,28.2,8.2,64.2,MY-16,Central,31.489,31489,10031.6,13258.6,3.66,official_dosm_estimates
2022,W.P. Putrajaya,117.0,0.117,43.3,12.2,32.0,23.2,6.4,73.8,71.9,1.9,37.0,61.5,1.6,16.5,43.4,31.4,8.7,62.9,MY-16,Central,30.9,30900,10056.0,13473.0,3.79,official_dosm_estimates
2023,W.P. Putrajaya,118.8,0.1188,42.9,13.7,29.4,26.1,6.8,76.0,73.8,2.2,36.1,62.1,1.9,18.0,38.7,34.3,8.9,61.1,MY-16,Central,31.867,31867,10406.4,13658.2,3.73,official_dosm_estimates
2024,W.P. Putrajaya,120.3,0.1203,41.7,15.7,26.5,29.2,7.2,78.6,76.3,2.3,34.7,63.4,1.9,20.0,33.7,37.2,9.2,57.7,MY-16,Central,32.864,32864,10769.0,13846.0,3.66,official_dosm_estimates
2025,W.P. Putrajaya,120.7,0.1207,40.2,17.8,23.1,31.9,7.6,80.4,77.9,2.5,33.3,64.5,2.1,22.1,28.7,39.7,9.5,54.8,MY-16,Central,33.892,33892,11144.2,14036.4,3.56,official_dosm_estimates
