year,origin,origin_code,origin_region,origin_lat,origin_lon,destination,destination_code,destination_region,destination_lat,destination_lon,is_interstate,is_cross_region,distance_km,tourist_flow_thousands,dest_total_tourists_thousands,origin_market_share_pct,dest_alos_days,dest_spend_per_night_rm,dest_accommodation_expenditure_rm_million,dest_aor_pct,dest_rooms_count,dest_domestic_hotel_guests,dest_foreign_hotel_guests,dest_foreign_guest_share_pct,corridor_implied_accom_spend_rm_million,flow_2019_thousands,recovery_rate_vs_2019_pct,corridor_trajectory_class,dest_alos,dest_spend_per_tourist,dest_spend_per_night,dest_accom_share,dest_accom_expenditure_m,corridor_tier,origin_share_of_dest_pct
2025,Selangor,MY-10,Central,3.0738,101.5183,Perak,MY-08,Northern,4.694,101.0901,True,False,186.32,3116.563,10413.82,29.93,2.44,31.32,795.67,46.4,19572.0,4291891.0,944578.0,18.04,238.12,2899.74,107.5,Resilient Anchor,2.44,76.4,31.32,0.0992,795.67,Priority Conversion Corridor,35.33
2025,Selangor,MY-10,Central,3.0738,101.5183,Melaka,MY-04,Southern,2.2458,102.2741,True,False,124.6,2725.941,7178.691,37.97,2.11,63.0,954.52,46.1,20655.0,3484720.0,1654330.0,32.19,362.46,1682.477,162.0,Structural Gainer (Surge),2.11,132.97,63.0,0.1093,954.52,Priority Conversion Corridor,38.78
2025,Selangor,MY-10,Central,3.0738,101.5183,Pahang,MY-06,East Coast,3.8126,102.3256,True,False,121.56,2517.564,11045.98,22.79,2.21,53.78,1312.31,76.3,34401.0,10011366.0,2953226.0,22.78,299.1,2130.733,118.2,Resilient Anchor,2.21,118.8,53.78,0.1333,1312.31,Priority Conversion Corridor,29.81
2025,Selangor,MY-10,Central,3.0738,101.5183,Pulau Pinang,MY-07,Northern,5.4141,100.3288,True,False,291.75,2362.7,5629.544,41.97,2.65,72.28,1079.52,58.6,28045.0,5293653.0,3472459.0,39.61,453.07,1507.592,156.7,Structural Gainer (Surge),2.65,191.76,72.28,0.1271,1079.52,Protect & Deepen,44.52
2025,W.P. Kuala Lumpur,MY-14,Central,3.139,101.6869,Perak,MY-08,Northern,4.694,101.0901,True,False,185.15,2017.802,10413.82,19.38,2.44,31.32,795.67,46.4,19572.0,4291891.0,944578.0,18.04,154.17,1465.964,137.6,Structural Gainer (Surge),2.44,76.4,31.32,0.0992,795.67,Priority Conversion Corridor,22.87
2025,Selangor,MY-10,Central,3.0738,101.5183,Johor,MY-01,Southern,1.9344,103.3587,True,False,240.52,1995.977,9821.9,20.32,2.68,42.98,1131.27,54.2,35799.0,7382730.0,3250524.0,30.57,229.89,2590.733,77.0,Emerging / Modest Growth,2.68,115.18,42.98,0.1297,1131.27,Priority Conversion Corridor,31.19
2025,Selangor,MY-10,Central,3.0738,101.5183,Negeri Sembilan,MY-05,Central,2.7258,102.243,True,False,89.3,1980.107,6547.023,30.24,2.29,37.78,567.6,44.2,11527.0,2154435.0,497085.0,18.75,171.67,2086.472,94.9,Resilient Anchor,2.29,86.7,37.78,0.0869,567.6,Priority Conversion Corridor,32.53
2025,Selangor,MY-10,Central,3.0738,101.5183,W.P. Kuala Lumpur,MY-14,Central,3.139,101.6869,True,False,20.07,1819.35,10078.573,18.05,2.33,82.96,1945.36,66.9,66133.0,10353924.0,13383492.0,56.38,351.17,287.093,633.7,Structural Gainer (Surge),2.33,193.02,82.96,0.1151,1945.36,Priority Conversion Corridor,19.15
2025,Perak,MY-08,Northern,4.694,101.0901,W.P. Kuala Lumpur,MY-14,Central,3.139,101.6869,True,False,185.15,1771.244,10078.573,17.57,2.33,82.96,1945.36,66.9,66133.0,10353924.0,13383492.0,56.38,341.88,609.967,290.4,Structural Gainer (Surge),2.33,193.02,82.96,0.1151,1945.36,Priority Conversion Corridor,18.65
2025,Perak,MY-08,Northern,4.694,101.0901,Selangor,MY-10,Central,3.0738,101.5183,True,False,186.32,1716.467,10595.556,16.2,2.31,60.67,1487.46,54.8,35066.0,6296432.0,3614885.0,36.47,240.97,1047.436,163.9,Structural Gainer (Surge),2.31,140.39,60.67,0.0944,1487.46,Priority Conversion Corridor,21.02
2025,Selangor,MY-10,Central,3.0738,101.5183,Kedah,MY-02,Northern,6.1184,100.3685,True,False,361.73,1676.138,7124.845,23.53,2.82,29.27,587.96,50.9,18679.0,3121208.0,2109996.0,40.33,138.32,1586.462,105.7,Resilient Anchor,2.82,82.52,29.27,0.1065,587.96,Priority Conversion Corridor,28.45
2025,Johor,MY-01,Southern,1.9344,103.3587,Negeri Sembilan,MY-05,Central,2.7258,102.243,True,False,152.02,1671.469,6547.023,25.53,2.29,37.78,567.6,44.2,11527.0,2154435.0,497085.0,18.75,144.91,751.173,222.5,Structural Gainer (Surge),2.29,86.7,37.78,0.0869,567.6,Priority Conversion Corridor,27.46
2025,W.P. Kuala Lumpur,MY-14,Central,3.139,101.6869,Pahang,MY-06,East Coast,3.8126,102.3256,True,False,103.13,1635.111,11045.98,14.8,2.21,53.78,1312.31,76.3,34401.0,10011366.0,2953226.0,22.78,194.26,1097.933,148.9,Structural Gainer (Surge),2.21,118.8,53.78,0.1333,1312.31,Priority Conversion Corridor,19.36
2025,Selangor,MY-10,Central,3.0738,101.5183,Kelantan,MY-03,East Coast,5.3117,102.004,True,False,254.61,1506.201,6512.13,23.13,2.98,25.11,486.94,43.5,6392.0,1399111.0,59329.0,4.07,112.63,1151.116,130.8,Structural Gainer (Surge),2.98,74.77,25.11,0.0929,486.94,Priority Conversion Corridor,26.9
2025,W.P. Kuala Lumpur,MY-14,Central,3.139,101.6869,Johor,MY-01,Southern,1.9344,103.3587,True,False,228.98,1469.998,9821.9,14.97,2.68,42.98,1131.27,54.2,35799.0,7382730.0,3250524.0,30.57,169.31,973.181,151.1,Structural Gainer (Surge),2.68,115.18,42.98,0.1297,1131.27,Priority Conversion Corridor,22.97
2025,Johor,MY-01,Southern,1.9344,103.3587,Melaka,MY-04,Southern,2.2458,102.2741,True,False,125.4,1344.569,7178.691,18.73,2.11,63.0,954.52,46.1,20655.0,3484720.0,1654330.0,32.19,178.78,734.53,183.1,Structural Gainer (Surge),2.11,132.97,63.0,0.1093,954.52,Priority Conversion Corridor,19.13
2025,W.P. Kuala Lumpur,MY-14,Central,3.139,101.6869,Selangor,MY-10,Central,3.0738,101.5183,True,False,20.07,1335.438,10595.556,12.6,2.31,60.67,1487.46,54.8,35066.0,6296432.0,3614885.0,36.47,187.48,1165.783,114.6,Resilient Anchor,2.31,140.39,60.67,0.0944,1487.46,Priority Conversion Corridor,16.35
2025,Johor,MY-01,Southern,1.9344,103.3587,Pahang,MY-06,East Coast,3.8126,102.3256,True,False,238.28,981.156,11045.98,8.88,2.21,53.78,1312.31,76.3,34401.0,10011366.0,2953226.0,22.78,116.57,560.582,175.0,Structural Gainer (Surge),2.21,118.8,53.78,0.1333,1312.31,Priority Conversion Corridor,11.62
2025,Pulau Pinang,MY-07,Northern,5.4141,100.3288,Kedah,MY-02,Northern,6.1184,100.3685,True,False,78.44,952.233,7124.845,13.36,2.82,29.27,587.96,50.9,18679.0,3121208.0,2109996.0,40.33,78.58,1359.362,70.0,Laggard / At-Risk,2.82,82.52,29.27,0.1065,587.96,Priority Conversion Corridor,16.16
2025,W.P. Kuala Lumpur,MY-14,Central,3.139,101.6869,Negeri Sembilan,MY-05,Central,2.7258,102.243,True,False,76.97,937.425,6547.023,14.32,2.29,37.78,567.6,44.2,11527.0,2154435.0,497085.0,18.75,81.27,1449.791,64.7,Laggard / At-Risk,2.29,86.7,37.78,0.0869,567.6,Priority Conversion Corridor,15.4
2025,Pahang,MY-06,East Coast,3.8126,102.3256,Selangor,MY-10,Central,3.0738,101.5183,True,False,121.56,930.401,10595.556,8.78,2.31,60.67,1487.46,54.8,35066.0,6296432.0,3614885.0,36.47,130.61,409.282,227.3,Structural Gainer (Surge),2.31,140.39,60.67,0.0944,1487.46,Priority Conversion Corridor,11.39
2025,W.P. Kuala Lumpur,MY-14,Central,3.139,101.6869,Melaka,MY-04,Southern,2.2458,102.2741,True,False,118.82,915.968,7178.691,12.76,2.11,63.0,954.52,46.1,20655.0,3484720.0,1654330.0,32.19,121.79,610.456,150.0,Structural Gainer (Surge),2.11,132.97,63.0,0.1093,954.52,Priority Conversion Corridor,13.03
2025,Pahang,MY-06,East Coast,3.8126,102.3256,Terengganu,MY-11,East Coast,4.881,103.1167,True,False,147.67,903.281,5239.642,17.24,2.76,33.84,489.09,45.6,11314.0,2414955.0,276786.0,10.28,84.32,543.796,166.1,Structural Gainer (Surge),2.76,93.34,33.84,0.0844,489.09,Priority Conversion Corridor,19.84
2025,Pulau Pinang,MY-07,Northern,5.4141,100.3288,Perak,MY-08,Northern,4.694,101.0901,True,False,116.28,893.223,10413.82,8.58,2.44,31.32,795.67,46.4,19572.0,4291891.0,944578.0,18.04,68.25,706.793,126.4,Structural Gainer (Surge),2.44,76.4,31.32,0.0992,795.67,Priority Conversion Corridor,10.12
2025,Perak,MY-08,Northern,4.694,101.0901,Pulau Pinang,MY-07,Northern,5.4141,100.3288,True,False,116.28,836.185,5629.544,14.85,2.65,72.28,1079.52,58.6,28045.0,5293653.0,3472459.0,39.61,160.35,715.244,116.9,Resilient Anchor,2.65,191.76,72.28,0.1271,1079.52,Protect & Deepen,15.76
2025,Pahang,MY-06,East Coast,3.8126,102.3256,W.P. Kuala Lumpur,MY-14,Central,3.139,101.6869,True,False,103.13,824.776,10078.573,8.18,2.33,82.96,1945.36,66.9,66133.0,10353924.0,13383492.0,56.38,159.2,916.394,90.0,Resilient Anchor,2.33,193.02,82.96,0.1151,1945.36,Priority Conversion Corridor,8.68
2025,Sabah,MY-12,East Malaysia,5.9788,116.0753,W.P. Kuala Lumpur,MY-14,Central,3.139,101.6869,True,True,1625.63,783.67,10078.573,7.78,2.33,82.96,1945.36,66.9,66133.0,10353924.0,13383492.0,56.38,151.26,40.519,1934.1,Structural Gainer (Surge),2.33,193.02,82.96,0.1151,1945.36,Priority Conversion Corridor,8.25
2025,Selangor,MY-10,Central,3.0738,101.5183,Terengganu,MY-11,East Coast,4.881,103.1167,True,False,267.99,762.677,5239.642,14.56,2.76,33.84,489.09,45.6,11314.0,2414955.0,276786.0,10.28,71.19,648.344,117.6,Resilient Anchor,2.76,93.34,33.84,0.0844,489.09,Priority Conversion Corridor,16.75
2025,Kelantan,MY-03,East Coast,5.3117,102.004,Terengganu,MY-11,East Coast,4.881,103.1167,True,False,132.22,752.094,5239.642,14.35,2.76,33.84,489.09,45.6,11314.0,2414955.0,276786.0,10.28,70.2,521.317,144.3,Structural Gainer (Surge),2.76,93.34,33.84,0.0844,489.09,Priority Conversion Corridor,16.52
2025,Pulau Pinang,MY-07,Northern,5.4141,100.3288,W.P. Kuala Lumpur,MY-14,Central,3.139,101.6869,True,False,294.4,746.837,10078.573,7.41,2.33,82.96,1945.36,66.9,66133.0,10353924.0,13383492.0,56.38,144.15,32.351,2308.5,Structural Gainer (Surge),2.33,193.02,82.96,0.1151,1945.36,Priority Conversion Corridor,7.86
2025,Johor,MY-01,Southern,1.9344,103.3587,Kedah,MY-02,Northern,6.1184,100.3685,True,False,571.32,740.539,7124.845,10.39,2.82,29.27,587.96,50.9,18679.0,3121208.0,2109996.0,40.33,61.11,111.182,666.1,Structural Gainer (Surge),2.82,82.52,29.27,0.1065,587.96,Priority Conversion Corridor,12.57
2025,Kedah,MY-02,Northern,6.1184,100.3685,W.P. Kuala Lumpur,MY-14,Central,3.139,101.6869,True,False,362.08,734.346,10078.573,7.29,2.33,82.96,1945.36,66.9,66133.0,10353924.0,13383492.0,56.38,141.74,338.791,216.8,Structural Gainer (Surge),2.33,193.02,82.96,0.1151,1945.36,Priority Conversion Corridor,7.73
2025,Pahang,MY-06,East Coast,3.8126,102.3256,Perak,MY-08,Northern,4.694,101.0901,True,False,168.45,701.131,10413.82,6.73,2.44,31.32,795.67,46.4,19572.0,4291891.0,944578.0,18.04,53.57,223.887,313.2,Structural Gainer (Surge),2.44,76.4,31.32,0.0992,795.67,Priority Conversion Corridor,7.95
2025,Kedah,MY-02,Northern,6.1184,100.3685,Perak,MY-08,Northern,4.694,101.0901,True,False,177.39,698.16,10413.82,6.7,2.44,31.32,795.67,46.4,19572.0,4291891.0,944578.0,18.04,53.34,481.8,144.9,Structural Gainer (Surge),2.44,76.4,31.32,0.0992,795.67,Priority Conversion Corridor,7.91
2025,Kelantan,MY-03,East Coast,5.3117,102.004,Selangor,MY-10,Central,3.0738,101.5183,True,False,254.61,690.727,10595.556,6.52,2.31,60.67,1487.46,54.8,35066.0,6296432.0,3614885.0,36.47,96.97,264.131,261.5,Structural Gainer (Surge),2.31,140.39,60.67,0.0944,1487.46,Priority Conversion Corridor,8.46
2025,Melaka,MY-04,Southern,2.2458,102.2741,Johor,MY-01,Southern,1.9344,103.3587,True,False,125.4,685.258,9821.9,6.98,2.68,42.98,1131.27,54.2,35799.0,7382730.0,3250524.0,30.57,78.93,654.054,104.8,Resilient Anchor,2.68,115.18,42.98,0.1297,1131.27,Priority Conversion Corridor,10.71
2025,Pahang,MY-06,East Coast,3.8126,102.3256,Kelantan,MY-03,East Coast,5.3117,102.004,True,False,170.46,655.129,6512.13,10.06,2.98,25.11,486.94,43.5,6392.0,1399111.0,59329.0,4.07,48.99,552.513,118.6,Resilient Anchor,2.98,74.77,25.11,0.0929,486.94,Priority Conversion Corridor,11.7
2025,Perak,MY-08,Northern,4.694,101.0901,Pahang,MY-06,East Coast,3.8126,102.3256,True,False,168.45,648.824,11045.98,5.87,2.21,53.78,1312.31,76.3,34401.0,10011366.0,2953226.0,22.78,77.08,292.107,222.1,Structural Gainer (Surge),2.21,118.8,53.78,0.1333,1312.31,Priority Conversion Corridor,7.68
2025,Johor,MY-01,Southern,1.9344,103.3587,Selangor,MY-10,Central,3.0738,101.5183,True,False,240.52,629.355,10595.556,5.94,2.31,60.67,1487.46,54.8,35066.0,6296432.0,3614885.0,36.47,88.35,847.007,74.3,Laggard / At-Risk,2.31,140.39,60.67,0.0944,1487.46,Priority Conversion Corridor,7.71
2025,Perak,MY-08,Northern,4.694,101.0901,Kedah,MY-02,Northern,6.1184,100.3685,True,False,177.39,622.506,7124.845,8.74,2.82,29.27,587.96,50.9,18679.0,3121208.0,2109996.0,40.33,51.37,709.212,87.8,Emerging / Modest Growth,2.82,82.52,29.27,0.1065,587.96,Priority Conversion Corridor,10.57
2025,W.P. Kuala Lumpur,MY-14,Central,3.139,101.6869,Kedah,MY-02,Northern,6.1184,100.3685,True,False,362.08,619.59,7124.845,8.7,2.82,29.27,587.96,50.9,18679.0,3121208.0,2109996.0,40.33,51.13,150.818,410.8,Structural Gainer (Surge),2.82,82.52,29.27,0.1065,587.96,Priority Conversion Corridor,10.52
2025,Pahang,MY-06,East Coast,3.8126,102.3256,Johor,MY-01,Southern,1.9344,103.3587,True,False,238.28,585.252,9821.9,5.96,2.68,42.98,1131.27,54.2,35799.0,7382730.0,3250524.0,30.57,67.41,306.671,190.8,Structural Gainer (Surge),2.68,115.18,42.98,0.1297,1131.27,Priority Conversion Corridor,9.15
2025,Johor,MY-01,Southern,1.9344,103.3587,Kelantan,MY-03,East Coast,5.3117,102.004,True,False,404.5,576.493,6512.13,8.85,2.98,25.11,486.94,43.5,6392.0,1399111.0,59329.0,4.07,43.11,286.772,201.0,Structural Gainer (Surge),2.98,74.77,25.11,0.0929,486.94,Priority Conversion Corridor,10.29
2025,Sarawak,MY-13,East Malaysia,2.5574,113.0012,W.P. Kuala Lumpur,MY-14,Central,3.139,101.6869,True,True,1258.19,575.284,10078.573,5.71,2.33,82.96,1945.36,66.9,66133.0,10353924.0,13383492.0,56.38,111.04,221.031,260.3,Structural Gainer (Surge),2.33,193.02,82.96,0.1151,1945.36,Priority Conversion Corridor,6.06
2025,Sabah,MY-12,East Malaysia,5.9788,116.0753,Selangor,MY-10,Central,3.0738,101.5183,True,True,1645.43,574.081,10595.556,5.42,2.31,60.67,1487.46,54.8,35066.0,6296432.0,3614885.0,36.47,80.59,8.688,6607.7,Structural Gainer (Surge),2.31,140.39,60.67,0.0944,1487.46,Priority Conversion Corridor,7.03
2025,Sabah,MY-12,East Malaysia,5.9788,116.0753,Sarawak,MY-13,East Malaysia,2.5574,113.0012,True,False,510.78,561.921,6329.894,8.88,3.1,44.42,872.6,47.3,28236.0,5760526.0,1222481.0,17.51,77.46,31.444,1787.1,Structural Gainer (Surge),3.1,137.85,44.42,0.0955,872.6,Protect & Deepen,25.52
2025,W.P. Kuala Lumpur,MY-14,Central,3.139,101.6869,Pulau Pinang,MY-07,Northern,5.4141,100.3288,True,False,294.4,548.438,5629.544,9.74,2.65,72.28,1079.52,58.6,28045.0,5293653.0,3472459.0,39.61,105.17,322.832,169.9,Structural Gainer (Surge),2.65,191.76,72.28,0.1271,1079.52,Protect & Deepen,10.34
2025,Pulau Pinang,MY-07,Northern,5.4141,100.3288,Pahang,MY-06,East Coast,3.8126,102.3256,True,False,284.06,537.067,11045.98,4.86,2.21,53.78,1312.31,76.3,34401.0,10011366.0,2953226.0,22.78,63.81,337.781,159.0,Structural Gainer (Surge),2.21,118.8,53.78,0.1333,1312.31,Priority Conversion Corridor,6.36
2025,Selangor,MY-10,Central,3.0738,101.5183,Sabah,MY-12,East Malaysia,5.9788,116.0753,True,True,1645.43,531.665,7359.888999999999,7.22,3.15,46.37,1073.57,54.1,27254.0,4445738.0,2900293.0,39.48,77.55,236.001,225.3,Structural Gainer (Surge),3.15,145.87,46.37,0.1101,1073.57,Protect & Deepen,29.15
2025,W.P. Kuala Lumpur,MY-14,Central,3.139,101.6869,Kelantan,MY-03,East Coast,5.3117,102.004,True,False,244.14,524.898,6512.13,8.06,2.98,25.11,486.94,43.5,6392.0,1399111.0,59329.0,4.07,39.25,384.881,136.4,Structural Gainer (Surge),2.98,74.77,25.11,0.0929,486.94,Priority Conversion Corridor,9.37
2025,Terengganu,MY-11,East Coast,4.881,103.1167,Kelantan,MY-03,East Coast,5.3117,102.004,True,False,132.22,520.817,6512.13,8.0,2.98,25.11,486.94,43.5,6392.0,1399111.0,59329.0,4.07,38.94,1016.559,51.2,Laggard / At-Risk,2.98,74.77,25.11,0.0929,486.94,Priority Conversion Corridor,9.3
2025,Johor,MY-01,Southern,1.9344,103.3587,W.P. Kuala Lumpur,MY-14,Central,3.139,101.6869,True,False,228.98,494.101,10078.573,4.9,2.33,82.96,1945.36,66.9,66133.0,10353924.0,13383492.0,56.38,95.37,701.535,70.4,Laggard / At-Risk,2.33,193.02,82.96,0.1151,1945.36,Priority Conversion Corridor,5.2
2025,Perak,MY-08,Northern,4.694,101.0901,Johor,MY-01,Southern,1.9344,103.3587,True,False,396.95,492.392,9821.9,5.01,2.68,42.98,1131.27,54.2,35799.0,7382730.0,3250524.0,30.57,56.71,96.521,510.1,Resilient Anchor,2.68,115.18,42.98,0.1297,1131.27,Priority Conversion Corridor,7.69
2025,Selangor,MY-10,Central,3.0738,101.5183,Perlis,MY-09,Northern,6.4449,100.2048,True,False,402.11,480.281,1474.936,32.56,2.25,35.64,118.12,41.7,1553.0,324884.0,8334.0,2.5,38.46,193.268,248.5,Resilient Anchor,2.25,80.09,35.64,0.0975,118.12,Priority Conversion Corridor,33.15
2025,Perak,MY-08,Northern,4.694,101.0901,Kelantan,MY-03,East Coast,5.3117,102.004,True,False,122.33,473.886,6512.13,7.28,2.98,25.11,486.94,43.5,6392.0,1399111.0,59329.0,4.07,35.43,300.392,157.8,Resilient Anchor,2.98,74.77,25.11,0.0929,486.94,Priority Conversion Corridor,8.46
2025,Melaka,MY-04,Southern,2.2458,102.2741,Pahang,MY-06,East Coast,3.8126,102.3256,True,False,174.31,469.616,11045.98,4.25,2.21,53.78,1312.31,76.3,34401.0,10011366.0,2953226.0,22.78,55.79,297.334,157.9,Resilient Anchor,2.21,118.8,53.78,0.1333,1312.31,Priority Conversion Corridor,5.56
2025,Negeri Sembilan,MY-05,Central,2.7258,102.243,Johor,MY-01,Southern,1.9344,103.3587,True,False,152.02,467.594,9821.9,4.76,2.68,42.98,1131.27,54.2,35799.0,7382730.0,3250524.0,30.57,53.86,744.819,62.8,Laggard / At-Risk,2.68,115.18,42.98,0.1297,1131.27,Priority Conversion Corridor,7.31
2025,Melaka,MY-04,Southern,2.2458,102.2741,W.P. Kuala Lumpur,MY-14,Central,3.139,101.6869,True,False,118.82,463.246,10078.573,4.6,2.33,82.96,1945.36,66.9,66133.0,10353924.0,13383492.0,56.38,89.42,170.236,272.1,Resilient Anchor,2.33,193.02,82.96,0.1151,1945.36,Priority Conversion Corridor,4.88
2025,Pulau Pinang,MY-07,Northern,5.4141,100.3288,Selangor,MY-10,Central,3.0738,101.5183,True,False,291.75,459.411,10595.556,4.34,2.31,60.67,1487.46,54.8,35066.0,6296432.0,3614885.0,36.47,64.49,182.359,251.9,Resilient Anchor,2.31,140.39,60.67,0.0944,1487.46,Priority Conversion Corridor,5.63
2025,Perak,MY-08,Northern,4.694,101.0901,Melaka,MY-04,Southern,2.2458,102.2741,True,False,302.28,448.906,7178.691,6.25,2.11,63.0,954.52,46.1,20655.0,3484720.0,1654330.0,32.19,59.69,83.111,540.1,Resilient Anchor,2.11,132.97,63.0,0.1093,954.52,Priority Conversion Corridor,6.39
2025,Negeri Sembilan,MY-05,Central,2.7258,102.243,Selangor,MY-10,Central,3.0738,101.5183,True,False,89.3,448.828,10595.556,4.24,2.31,60.67,1487.46,54.8,35066.0,6296432.0,3614885.0,36.47,63.01,680.807,65.9,Laggard / At-Risk,2.31,140.39,60.67,0.0944,1487.46,Priority Conversion Corridor,5.5
2025,Negeri Sembilan,MY-05,Central,2.7258,102.243,Pahang,MY-06,East Coast,3.8126,102.3256,True,False,121.19,444.428,11045.98,4.02,2.21,53.78,1312.31,76.3,34401.0,10011366.0,2953226.0,22.78,52.8,541.019,82.1,Emerging / Modest Growth,2.21,118.8,53.78,0.1333,1312.31,Priority Conversion Corridor,5.26
2025,Negeri Sembilan,MY-05,Central,2.7258,102.243,W.P. Kuala Lumpur,MY-14,Central,3.139,101.6869,True,False,76.97,442.738,10078.573,4.39,2.33,82.96,1945.36,66.9,66133.0,10353924.0,13383492.0,56.38,85.46,337.525,131.2,Resilient Anchor,2.33,193.02,82.96,0.1151,1945.36,Priority Conversion Corridor,4.66
2025,Kedah,MY-02,Northern,6.1184,100.3685,Pulau Pinang,MY-07,Northern,5.4141,100.3288,True,False,78.44,431.179,5629.544,7.66,2.65,72.28,1079.52,58.6,28045.0,5293653.0,3472459.0,39.61,82.68,668.077,64.5,Laggard / At-Risk,2.65,191.76,72.28,0.1271,1079.52,Protect & Deepen,8.13
2025,Terengganu,MY-11,East Coast,4.881,103.1167,W.P. Kuala Lumpur,MY-14,Central,3.139,101.6869,True,False,250.34,419.675,10078.573,4.16,2.33,82.96,1945.36,66.9,66133.0,10353924.0,13383492.0,56.38,81.01,357.359,117.4,Resilient Anchor,2.33,193.02,82.96,0.1151,1945.36,Priority Conversion Corridor,4.42
2025,W.P. Kuala Lumpur,MY-14,Central,3.139,101.6869,Sarawak,MY-13,East Malaysia,2.5574,113.0012,True,True,1258.19,390.144,6329.894,6.16,3.1,44.42,872.6,47.3,28236.0,5760526.0,1222481.0,17.51,53.78,33.798,1154.3,Resilient Anchor,3.1,137.85,44.42,0.0955,872.6,Protect & Deepen,17.72
2025,W.P. Kuala Lumpur,MY-14,Central,3.139,101.6869,Terengganu,MY-11,East Coast,4.881,103.1167,True,False,250.34,387.107,5239.642,7.39,2.76,33.84,489.09,45.6,11314.0,2414955.0,276786.0,10.28,36.13,469.826,82.4,Emerging / Modest Growth,2.76,93.34,33.84,0.0844,489.09,Priority Conversion Corridor,8.5
2025,Negeri Sembilan,MY-05,Central,2.7258,102.243,Melaka,MY-04,Southern,2.2458,102.2741,True,False,53.49,377.289,7178.691,5.26,2.11,63.0,954.52,46.1,20655.0,3484720.0,1654330.0,32.19,50.17,701.01,53.8,Laggard / At-Risk,2.11,132.97,63.0,0.1093,954.52,Priority Conversion Corridor,5.37
2025,Terengganu,MY-11,East Coast,4.881,103.1167,Pahang,MY-06,East Coast,3.8126,102.3256,True,False,147.67,373.96,11045.98,3.39,2.21,53.78,1312.31,76.3,34401.0,10011366.0,2953226.0,22.78,44.43,500.404,74.7,Laggard / At-Risk,2.21,118.8,53.78,0.1333,1312.31,Priority Conversion Corridor,4.43
2025,Perak,MY-08,Northern,4.694,101.0901,Terengganu,MY-11,East Coast,4.881,103.1167,True,False,225.52,361.679,5239.642,6.9,2.76,33.84,489.09,45.6,11314.0,2414955.0,276786.0,10.28,33.76,90.541,399.5,Resilient Anchor,2.76,93.34,33.84,0.0844,489.09,Priority Conversion Corridor,7.95
2025,Melaka,MY-04,Southern,2.2458,102.2741,Selangor,MY-10,Central,3.0738,101.5183,True,False,124.6,348.921,10595.556,3.29,2.31,60.67,1487.46,54.8,35066.0,6296432.0,3614885.0,36.47,48.98,587.842,59.4,Laggard / At-Risk,2.31,140.39,60.67,0.0944,1487.46,Priority Conversion Corridor,4.27
2025,Johor,MY-01,Southern,1.9344,103.3587,Sarawak,MY-13,East Malaysia,2.5574,113.0012,True,True,1073.6,348.024,6329.894,5.5,3.1,44.42,872.6,47.3,28236.0,5760526.0,1222481.0,17.51,47.98,21.267,1636.5,Resilient Anchor,3.1,137.85,44.42,0.0955,872.6,Protect & Deepen,15.81
2025,Kedah,MY-02,Northern,6.1184,100.3685,Terengganu,MY-11,East Coast,4.881,103.1167,True,False,333.85,341.083,5239.642,6.51,2.76,33.84,489.09,45.6,11314.0,2414955.0,276786.0,10.28,31.84,101.199,337.0,Resilient Anchor,2.76,93.34,33.84,0.0844,489.09,Priority Conversion Corridor,7.49
2025,Kedah,MY-02,Northern,6.1184,100.3685,Selangor,MY-10,Central,3.0738,101.5183,True,False,361.73,329.094,10595.556,3.11,2.31,60.67,1487.46,54.8,35066.0,6296432.0,3614885.0,36.47,46.2,276.034,119.2,Resilient Anchor,2.31,140.39,60.67,0.0944,1487.46,Priority Conversion Corridor,4.03
2025,Sarawak,MY-13,East Malaysia,2.5574,113.0012,Selangor,MY-10,Central,3.0738,101.5183,True,True,1276.58,322.421,10595.556,3.04,2.31,60.67,1487.46,54.8,35066.0,6296432.0,3614885.0,36.47,45.26,63.653,506.5,Resilient Anchor,2.31,140.39,60.67,0.0944,1487.46,Priority Conversion Corridor,3.95
2025,Sabah,MY-12,East Malaysia,5.9788,116.0753,Kedah,MY-02,Northern,6.1184,100.3685,True,True,1736.8,315.743,7124.845,4.43,2.82,29.27,587.96,50.9,18679.0,3121208.0,2109996.0,40.33,26.06,22.184,1423.3,Resilient Anchor,2.82,82.52,29.27,0.1065,587.96,Priority Conversion Corridor,5.36
2025,Pahang,MY-06,East Coast,3.8126,102.3256,Melaka,MY-04,Southern,2.2458,102.2741,True,False,174.31,305.141,7178.691,4.25,2.11,63.0,954.52,46.1,20655.0,3484720.0,1654330.0,32.19,40.57,290.95,104.9,Resilient Anchor,2.11,132.97,63.0,0.1093,954.52,Priority Conversion Corridor,4.34
2025,Kelantan,MY-03,East Coast,5.3117,102.004,W.P. Kuala Lumpur,MY-14,Central,3.139,101.6869,True,False,244.14,297.176,10078.573,2.95,2.33,82.96,1945.36,66.9,66133.0,10353924.0,13383492.0,56.38,57.36,192.819,154.1,Resilient Anchor,2.33,193.02,82.96,0.1151,1945.36,Priority Conversion Corridor,3.13
2025,Sabah,MY-12,East Malaysia,5.9788,116.0753,Kelantan,MY-03,East Coast,5.3117,102.004,True,True,1558.79,296.511,6512.13,4.55,2.98,25.11,486.94,43.5,6392.0,1399111.0,59329.0,4.07,22.17,1.647,18003.1,Resilient Anchor,2.98,74.77,25.11,0.0929,486.94,Priority Conversion Corridor,5.3
2025,Melaka,MY-04,Southern,2.2458,102.2741,Perak,MY-08,Northern,4.694,101.0901,True,False,302.28,288.792,10413.82,2.77,2.44,31.32,795.67,46.4,19572.0,4291891.0,944578.0,18.04,22.07,344.798,83.8,Emerging / Modest Growth,2.44,76.4,31.32,0.0992,795.67,Priority Conversion Corridor,3.27
2025,Pahang,MY-06,East Coast,3.8126,102.3256,Negeri Sembilan,MY-05,Central,2.7258,102.243,True,False,121.19,287.89,6547.023,4.4,2.29,37.78,567.6,44.2,11527.0,2154435.0,497085.0,18.75,24.96,297.746,96.7,Resilient Anchor,2.29,86.7,37.78,0.0869,567.6,Priority Conversion Corridor,4.73
2025,Melaka,MY-04,Southern,2.2458,102.2741,Terengganu,MY-11,East Coast,4.881,103.1167,True,False,307.58,286.532,5239.642,5.47,2.76,33.84,489.09,45.6,11314.0,2414955.0,276786.0,10.28,26.75,51.659,554.7,Resilient Anchor,2.76,93.34,33.84,0.0844,489.09,Priority Conversion Corridor,6.29
2025,Johor,MY-01,Southern,1.9344,103.3587,Terengganu,MY-11,East Coast,4.881,103.1167,True,False,328.75,286.182,5239.642,5.46,2.76,33.84,489.09,45.6,11314.0,2414955.0,276786.0,10.28,26.71,124.623,229.6,Resilient Anchor,2.76,93.34,33.84,0.0844,489.09,Priority Conversion Corridor,6.29
2025,Kedah,MY-02,Northern,6.1184,100.3685,Kelantan,MY-03,East Coast,5.3117,102.004,True,False,201.97,285.999,6512.13,4.39,2.98,25.11,486.94,43.5,6392.0,1399111.0,59329.0,4.07,21.39,188.89,151.4,Resilient Anchor,2.98,74.77,25.11,0.0929,486.94,Priority Conversion Corridor,5.11
2025,Pulau Pinang,MY-07,Northern,5.4141,100.3288,Perlis,MY-09,Northern,6.4449,100.2048,True,False,115.44,285.678,1474.936,19.37,2.25,35.64,118.12,41.7,1553.0,324884.0,8334.0,2.5,22.88,207.494,137.7,Resilient Anchor,2.25,80.09,35.64,0.0975,118.12,Priority Conversion Corridor,19.72
2025,Kedah,MY-02,Northern,6.1184,100.3685,Pahang,MY-06,East Coast,3.8126,102.3256,True,False,335.76,282.067,11045.98,2.55,2.21,53.78,1312.31,76.3,34401.0,10011366.0,2953226.0,22.78,33.51,320.175,88.1,Emerging / Modest Growth,2.21,118.8,53.78,0.1333,1312.31,Priority Conversion Corridor,3.34
2025,Melaka,MY-04,Southern,2.2458,102.2741,Negeri Sembilan,MY-05,Central,2.7258,102.243,True,False,53.49,280.267,6547.023,4.28,2.29,37.78,567.6,44.2,11527.0,2154435.0,497085.0,18.75,24.3,356.185,78.7,Emerging / Modest Growth,2.29,86.7,37.78,0.0869,567.6,Priority Conversion Corridor,4.6
2025,Perlis,MY-09,Northern,6.4449,100.2048,Kedah,MY-02,Northern,6.1184,100.3685,True,False,40.56,279.678,7124.845,3.93,2.82,29.27,587.96,50.9,18679.0,3121208.0,2109996.0,40.33,23.08,133.906,208.9,Resilient Anchor,2.82,82.52,29.27,0.1065,587.96,Priority Conversion Corridor,4.75
2025,Negeri Sembilan,MY-05,Central,2.7258,102.243,Perak,MY-08,Northern,4.694,101.0901,True,False,253.5,275.019,10413.82,2.64,2.44,31.32,795.67,46.4,19572.0,4291891.0,944578.0,18.04,21.01,677.015,40.6,Laggard / At-Risk,2.44,76.4,31.32,0.0992,795.67,Priority Conversion Corridor,3.12
2025,Perak,MY-08,Northern,4.694,101.0901,Negeri Sembilan,MY-05,Central,2.7258,102.243,True,False,253.5,266.798,6547.023,4.08,2.29,37.78,567.6,44.2,11527.0,2154435.0,497085.0,18.75,23.13,99.172,269.0,Resilient Anchor,2.29,86.7,37.78,0.0869,567.6,Priority Conversion Corridor,4.38
2025,Kedah,MY-02,Northern,6.1184,100.3685,Melaka,MY-04,Southern,2.2458,102.2741,True,False,479.66,259.897,7178.691,3.62,2.11,63.0,954.52,46.1,20655.0,3484720.0,1654330.0,32.19,34.56,44.943,578.3,Resilient Anchor,2.11,132.97,63.0,0.1093,954.52,Priority Conversion Corridor,3.7
2025,Terengganu,MY-11,East Coast,4.881,103.1167,Selangor,MY-10,Central,3.0738,101.5183,True,False,267.99,248.322,10595.556,2.34,2.31,60.67,1487.46,54.8,35066.0,6296432.0,3614885.0,36.47,34.86,296.193,83.8,Emerging / Modest Growth,2.31,140.39,60.67,0.0944,1487.46,Priority Conversion Corridor,3.04
2025,Pulau Pinang,MY-07,Northern,5.4141,100.3288,Sabah,MY-12,East Malaysia,5.9788,116.0753,True,True,1743.35,243.929,7359.888999999999,3.31,3.15,46.37,1073.57,54.1,27254.0,4445738.0,2900293.0,39.48,35.58,43.76,557.4,Resilient Anchor,3.15,145.87,46.37,0.1101,1073.57,Protect & Deepen,13.37
2025,Pahang,MY-06,East Coast,3.8126,102.3256,Pulau Pinang,MY-07,Northern,5.4141,100.3288,True,False,284.06,241.717,5629.544,4.29,2.65,72.28,1079.52,58.6,28045.0,5293653.0,3472459.0,39.61,46.35,70.849,341.2,Resilient Anchor,2.65,191.76,72.28,0.1271,1079.52,Protect & Deepen,4.56
2025,Pulau Pinang,MY-07,Northern,5.4141,100.3288,Kelantan,MY-03,East Coast,5.3117,102.004,True,False,185.81,227.934,6512.13,3.5,2.98,25.11,486.94,43.5,6392.0,1399111.0,59329.0,4.07,17.04,243.869,93.5,Resilient Anchor,2.98,74.77,25.11,0.0929,486.94,Priority Conversion Corridor,4.07
2025,Kelantan,MY-03,East Coast,5.3117,102.004,Pahang,MY-06,East Coast,3.8126,102.3256,True,False,170.46,212.844,11045.98,1.93,2.21,53.78,1312.31,76.3,34401.0,10011366.0,2953226.0,22.78,25.29,418.182,50.9,Laggard / At-Risk,2.21,118.8,53.78,0.1333,1312.31,Priority Conversion Corridor,2.52
2025,Sabah,MY-12,East Malaysia,5.9788,116.0753,Pahang,MY-06,East Coast,3.8126,102.3256,True,True,1542.13,212.016,11045.98,1.92,2.21,53.78,1312.31,76.3,34401.0,10011366.0,2953226.0,22.78,25.19,2.812,7539.7,Resilient Anchor,2.21,118.8,53.78,0.1333,1312.31,Priority Conversion Corridor,2.51
2025,Negeri Sembilan,MY-05,Central,2.7258,102.243,Kelantan,MY-03,East Coast,5.3117,102.004,True,False,288.76,203.938,6512.13,3.13,2.98,25.11,486.94,43.5,6392.0,1399111.0,59329.0,4.07,15.25,60.465,337.3,Resilient Anchor,2.98,74.77,25.11,0.0929,486.94,Priority Conversion Corridor,3.64
2025,Perlis,MY-09,Northern,6.4449,100.2048,Perak,MY-08,Northern,4.694,101.0901,True,False,217.95,196.268,10413.82,1.88,2.44,31.32,795.67,46.4,19572.0,4291891.0,944578.0,18.04,15.0,57.831,339.4,Resilient Anchor,2.44,76.4,31.32,0.0992,795.67,Priority Conversion Corridor,2.22
2025,Pahang,MY-06,East Coast,3.8126,102.3256,Kedah,MY-02,Northern,6.1184,100.3685,True,False,335.76,193.689,7124.845,2.72,2.82,29.27,587.96,50.9,18679.0,3121208.0,2109996.0,40.33,15.98,141.328,137.0,Resilient Anchor,2.82,82.52,29.27,0.1065,587.96,Priority Conversion Corridor,3.29
2025,Negeri Sembilan,MY-05,Central,2.7258,102.243,Terengganu,MY-11,East Coast,4.881,103.1167,True,False,258.51,190.562,5239.642,3.64,2.76,33.84,489.09,45.6,11314.0,2414955.0,276786.0,10.28,17.79,320.663,59.4,Emerging / Modest Growth,2.76,93.34,33.84,0.0844,489.09,Priority Conversion Corridor,4.19
2025,Perak,MY-08,Northern,4.694,101.0901,Perlis,MY-09,Northern,6.4449,100.2048,True,False,217.95,190.379,1474.936,12.91,2.25,35.64,118.12,41.7,1553.0,324884.0,8334.0,2.5,15.25,59.72,318.8,Resilient Anchor,2.25,80.09,35.64,0.0975,118.12,Priority Conversion Corridor,13.14
2025,W.P. Labuan,MY-15,East Malaysia,5.2831,115.2308,Sabah,MY-12,East Malaysia,5.9788,116.0753,True,False,121.31,188.746,7359.888999999999,2.56,3.15,46.37,1073.57,54.1,27254.0,4445738.0,2900293.0,39.48,27.53,61.268,308.1,Resilient Anchor,3.15,145.87,46.37,0.1101,1073.57,Protect & Deepen,10.35
2025,Kelantan,MY-03,East Coast,5.3117,102.004,Melaka,MY-04,Southern,2.2458,102.2741,True,False,342.23,181.902,7178.691,2.53,2.11,63.0,954.52,46.1,20655.0,3484720.0,1654330.0,32.19,24.19,82.015,221.8,Resilient Anchor,2.11,132.97,63.0,0.1093,954.52,Priority Conversion Corridor,2.59
2025,Perlis,MY-09,Northern,6.4449,100.2048,Pulau Pinang,MY-07,Northern,5.4141,100.3288,True,False,115.44,177.172,5629.544,3.15,2.65,72.28,1079.52,58.6,28045.0,5293653.0,3472459.0,39.61,33.97,104.819,169.0,Resilient Anchor,2.65,191.76,72.28,0.1271,1079.52,Protect & Deepen,3.34
2025,Johor,MY-01,Southern,1.9344,103.3587,Perak,MY-08,Northern,4.694,101.0901,True,False,396.95,173.172,10413.82,1.66,2.44,31.32,795.67,46.4,19572.0,4291891.0,944578.0,18.04,13.23,560.732,30.9,Emerging / Modest Growth,2.44,76.4,31.32,0.0992,795.67,Priority Conversion Corridor,1.96
2025,Kedah,MY-02,Northern,6.1184,100.3685,Perlis,MY-09,Northern,6.4449,100.2048,True,False,40.56,160.158,1474.936,10.86,2.25,35.64,118.12,41.7,1553.0,324884.0,8334.0,2.5,12.83,101.178,158.3,Resilient Anchor,2.25,80.09,35.64,0.0975,118.12,Priority Conversion Corridor,11.05
2025,Terengganu,MY-11,East Coast,4.881,103.1167,Perak,MY-08,Northern,4.694,101.0901,True,False,225.52,151.705,10413.82,1.46,2.44,31.32,795.67,46.4,19572.0,4291891.0,944578.0,18.04,11.59,75.663,200.5,Resilient Anchor,2.44,76.4,31.32,0.0992,795.67,Priority Conversion Corridor,1.72
2025,Sarawak,MY-13,East Malaysia,2.5574,113.0012,Sabah,MY-12,East Malaysia,5.9788,116.0753,True,False,510.78,149.61,7359.888999999999,2.03,3.15,46.37,1073.57,54.1,27254.0,4445738.0,2900293.0,39.48,21.82,210.075,71.2,Emerging / Modest Growth,3.15,145.87,46.37,0.1101,1073.57,Protect & Deepen,8.2
2025,Perak,MY-08,Northern,4.694,101.0901,Sabah,MY-12,East Malaysia,5.9788,116.0753,True,True,1665.12,144.916,7359.888999999999,1.97,3.15,46.37,1073.57,54.1,27254.0,4445738.0,2900293.0,39.48,21.14,29.835,485.7,Resilient Anchor,3.15,145.87,46.37,0.1101,1073.57,Protect & Deepen,7.95
2025,Perak,MY-08,Northern,4.694,101.0901,Sarawak,MY-13,East Malaysia,2.5574,113.0012,True,True,1342.9,143.923,6329.894,2.27,3.1,44.42,872.6,47.3,28236.0,5760526.0,1222481.0,17.51,19.84,19.902,723.2,Resilient Anchor,3.1,137.85,44.42,0.0955,872.6,Protect & Deepen,6.54
2025,Pulau Pinang,MY-07,Northern,5.4141,100.3288,Terengganu,MY-11,East Coast,4.881,103.1167,True,False,314.39,140.537,5239.642,2.68,2.76,33.84,489.09,45.6,11314.0,2414955.0,276786.0,10.28,13.12,144.407,97.3,Resilient Anchor,2.76,93.34,33.84,0.0844,489.09,Priority Conversion Corridor,3.09
2025,W.P. Kuala Lumpur,MY-14,Central,3.139,101.6869,Sabah,MY-12,East Malaysia,5.9788,116.0753,True,True,1625.63,138.292,7359.888999999999,1.88,3.15,46.37,1073.57,54.1,27254.0,4445738.0,2900293.0,39.48,20.17,39.222,352.6,Resilient Anchor,3.15,145.87,46.37,0.1101,1073.57,Protect & Deepen,7.58
2025,Sarawak,MY-13,East Malaysia,2.5574,113.0012,Pulau Pinang,MY-07,Northern,5.4141,100.3288,True,True,1440.98,138.204,5629.544,2.45,2.65,72.28,1079.52,58.6,28045.0,5293653.0,3472459.0,39.61,26.5,6.858,2015.2,Resilient Anchor,2.65,191.76,72.28,0.1271,1079.52,Protect & Deepen,2.6
2025,Pulau Pinang,MY-07,Northern,5.4141,100.3288,Sarawak,MY-13,East Malaysia,2.5574,113.0012,True,True,1440.98,134.36,6329.894,2.12,3.1,44.42,872.6,47.3,28236.0,5760526.0,1222481.0,17.51,18.52,18.239,736.7,Resilient Anchor,3.1,137.85,44.42,0.0955,872.6,Protect & Deepen,6.1
2025,Kelantan,MY-03,East Coast,5.3117,102.004,Perak,MY-08,Northern,4.694,101.0901,True,False,122.33,132.166,10413.82,1.27,2.44,31.32,795.67,46.4,19572.0,4291891.0,944578.0,18.04,10.1,80.918,163.3,Resilient Anchor,2.44,76.4,31.32,0.0992,795.67,Priority Conversion Corridor,1.5
2025,Kedah,MY-02,Northern,6.1184,100.3685,Sabah,MY-12,East Malaysia,5.9788,116.0753,True,True,1736.8,128.284,7359.888999999999,1.74,3.15,46.37,1073.57,54.1,27254.0,4445738.0,2900293.0,39.48,18.71,32.736,391.9,Resilient Anchor,3.15,145.87,46.37,0.1101,1073.57,Protect & Deepen,7.03
2025,Kelantan,MY-03,East Coast,5.3117,102.004,Sarawak,MY-13,East Malaysia,2.5574,113.0012,True,True,1257.68,126.632,6329.894,2.0,3.1,44.42,872.6,47.3,28236.0,5760526.0,1222481.0,17.51,17.46,6.964,1818.4,Resilient Anchor,3.1,137.85,44.42,0.0955,872.6,Protect & Deepen,5.75
2025,Terengganu,MY-11,East Coast,4.881,103.1167,Pulau Pinang,MY-07,Northern,5.4141,100.3288,True,False,314.39,126.461,5629.544,2.25,2.65,72.28,1079.52,58.6,28045.0,5293653.0,3472459.0,39.61,24.25,26.815,471.6,Resilient Anchor,2.65,191.76,72.28,0.1271,1079.52,Protect & Deepen,2.38
2025,Selangor,MY-10,Central,3.0738,101.5183,Sarawak,MY-13,East Malaysia,2.5574,113.0012,True,True,1276.58,125.515,6329.894,1.98,3.1,44.42,872.6,47.3,28236.0,5760526.0,1222481.0,17.51,17.3,157.589,79.6,Emerging / Modest Growth,3.1,137.85,44.42,0.0955,872.6,Protect & Deepen,5.7
2025,Pulau Pinang,MY-07,Northern,5.4141,100.3288,Johor,MY-01,Southern,1.9344,103.3587,True,False,512.56,123.784,9821.9,1.26,2.68,42.98,1131.27,54.2,35799.0,7382730.0,3250524.0,30.57,14.26,66.034,187.5,Resilient Anchor,2.68,115.18,42.98,0.1297,1131.27,Lower Strategic Priority,1.93
2025,Melaka,MY-04,Southern,2.2458,102.2741,Kedah,MY-02,Northern,6.1184,100.3685,True,False,479.66,120.369,7124.845,1.69,2.82,29.27,587.96,50.9,18679.0,3121208.0,2109996.0,40.33,9.93,103.247,116.6,Resilient Anchor,2.82,82.52,29.27,0.1065,587.96,Lower Strategic Priority,2.04
2025,Terengganu,MY-11,East Coast,4.881,103.1167,Melaka,MY-04,Southern,2.2458,102.2741,True,False,307.58,115.592,7178.691,1.61,2.11,63.0,954.52,46.1,20655.0,3484720.0,1654330.0,32.19,15.37,61.014,189.5,Resilient Anchor,2.11,132.97,63.0,0.1093,954.52,Lower Strategic Priority,1.64
2025,Kedah,MY-02,Northern,6.1184,100.3685,Johor,MY-01,Southern,1.9344,103.3587,True,False,571.32,114.898,9821.9,1.17,2.68,42.98,1131.27,54.2,35799.0,7382730.0,3250524.0,30.57,13.23,45.377,253.2,Resilient Anchor,2.68,115.18,42.98,0.1297,1131.27,Lower Strategic Priority,1.8
2025,Johor,MY-01,Southern,1.9344,103.3587,Sabah,MY-12,East Malaysia,5.9788,116.0753,True,True,1480.31,112.834,7359.888999999999,1.53,3.15,46.37,1073.57,54.1,27254.0,4445738.0,2900293.0,39.48,16.46,12.538,899.9,Resilient Anchor,3.15,145.87,46.37,0.1101,1073.57,Growth Opportunity,6.19
2025,Kedah,MY-02,Northern,6.1184,100.3685,Negeri Sembilan,MY-05,Central,2.7258,102.243,True,False,430.68,112.4,6547.023,1.72,2.29,37.78,567.6,44.2,11527.0,2154435.0,497085.0,18.75,9.74,17.71,634.7,Resilient Anchor,2.29,86.7,37.78,0.0869,567.6,Lower Strategic Priority,1.85
2025,Negeri Sembilan,MY-05,Central,2.7258,102.243,Kedah,MY-02,Northern,6.1184,100.3685,True,False,430.68,112.049,7124.845,1.57,2.82,29.27,587.96,50.9,18679.0,3121208.0,2109996.0,40.33,9.25,329.665,34.0,Emerging / Modest Growth,2.82,82.52,29.27,0.1065,587.96,Lower Strategic Priority,1.9
2025,Sabah,MY-12,East Malaysia,5.9788,116.0753,Perak,MY-08,Northern,4.694,101.0901,True,True,1665.12,110.004,10413.82,1.06,2.44,31.32,795.67,46.4,19572.0,4291891.0,944578.0,18.04,8.4,1.689,6513.0,Resilient Anchor,2.44,76.4,31.32,0.0992,795.67,Lower Strategic Priority,1.25
2025,Terengganu,MY-11,East Coast,4.881,103.1167,Johor,MY-01,Southern,1.9344,103.3587,True,False,328.75,106.704,9821.9,1.09,2.68,42.98,1131.27,54.2,35799.0,7382730.0,3250524.0,30.57,12.29,121.397,87.9,Emerging / Modest Growth,2.68,115.18,42.98,0.1297,1131.27,Lower Strategic Priority,1.67
2025,Johor,MY-01,Southern,1.9344,103.3587,Pulau Pinang,MY-07,Northern,5.4141,100.3288,True,False,512.56,106.412,5629.544,1.89,2.65,72.28,1079.52,58.6,28045.0,5293653.0,3472459.0,39.61,20.41,58.287,182.6,Resilient Anchor,2.65,191.76,72.28,0.1271,1079.52,Growth Opportunity,2.01
2025,Terengganu,MY-11,East Coast,4.881,103.1167,Negeri Sembilan,MY-05,Central,2.7258,102.243,True,False,258.51,105.86,6547.023,1.62,2.29,37.78,567.6,44.2,11527.0,2154435.0,497085.0,18.75,9.18,88.412,119.7,Resilient Anchor,2.29,86.7,37.78,0.0869,567.6,Lower Strategic Priority,1.74
2025,Kelantan,MY-03,East Coast,5.3117,102.004,W.P. Putrajaya,MY-16,Central,2.9264,101.6964,True,False,267.42,104.006,906.098,11.48,2.5,31.44,71.17,56.0,2656.0,566830.0,222220.0,28.16,8.17,8.732,1191.1,Resilient Anchor,2.5,78.55,31.44,0.0576,71.17,Lower Strategic Priority,11.51
2025,Kelantan,MY-03,East Coast,5.3117,102.004,Johor,MY-01,Southern,1.9344,103.3587,True,False,404.5,103.148,9821.9,1.05,2.68,42.98,1131.27,54.2,35799.0,7382730.0,3250524.0,30.57,11.88,171.199,60.3,Emerging / Modest Growth,2.68,115.18,42.98,0.1297,1131.27,Lower Strategic Priority,1.61
2025,Kelantan,MY-03,East Coast,5.3117,102.004,Kedah,MY-02,Northern,6.1184,100.3685,True,False,201.97,101.463,7124.845,1.42,2.82,29.27,587.96,50.9,18679.0,3121208.0,2109996.0,40.33,8.37,114.484,88.6,Emerging / Modest Growth,2.82,82.52,29.27,0.1065,587.96,Lower Strategic Priority,1.72
2025,Melaka,MY-04,Southern,2.2458,102.2741,Pulau Pinang,MY-07,Northern,5.4141,100.3288,True,False,413.14,99.282,5629.544,1.76,2.65,72.28,1079.52,58.6,28045.0,5293653.0,3472459.0,39.61,19.04,53.768,184.6,Resilient Anchor,2.65,191.76,72.28,0.1271,1079.52,Growth Opportunity,1.87
2025,W.P. Kuala Lumpur,MY-14,Central,3.139,101.6869,Perlis,MY-09,Northern,6.4449,100.2048,True,False,402.61,97.926,1474.936,6.64,2.25,35.64,118.12,41.7,1553.0,324884.0,8334.0,2.5,7.84,1.973,4963.3,Resilient Anchor,2.25,80.09,35.64,0.0975,118.12,Lower Strategic Priority,6.76
2025,Perak,MY-08,Northern,4.694,101.0901,W.P. Putrajaya,MY-16,Central,2.9264,101.6964,True,False,207.74,97.231,906.098,10.73,2.5,31.44,71.17,56.0,2656.0,566830.0,222220.0,28.16,7.64,57.433,169.3,Resilient Anchor,2.5,78.55,31.44,0.0576,71.17,Lower Strategic Priority,10.76
2025,Sarawak,MY-13,East Malaysia,2.5574,113.0012,Melaka,MY-04,Southern,2.2458,102.2741,True,True,1192.25,96.988,7178.691,1.35,2.11,63.0,954.52,46.1,20655.0,3484720.0,1654330.0,32.19,12.9,13.022,744.8,Resilient Anchor,2.11,132.97,63.0,0.1093,954.52,Lower Strategic Priority,1.38
2025,Sabah,MY-12,East Malaysia,5.9788,116.0753,Negeri Sembilan,MY-05,Central,2.7258,102.243,True,True,1575.5,95.545,6547.023,1.46,2.29,37.78,567.6,44.2,11527.0,2154435.0,497085.0,18.75,8.28,2.886,3310.6,Resilient Anchor,2.29,86.7,37.78,0.0869,567.6,Lower Strategic Priority,1.57
2025,Kelantan,MY-03,East Coast,5.3117,102.004,Pulau Pinang,MY-07,Northern,5.4141,100.3288,True,False,185.81,93.324,5629.544,1.66,2.65,72.28,1079.52,58.6,28045.0,5293653.0,3472459.0,39.61,17.9,175.34,53.2,Emerging / Modest Growth,2.65,191.76,72.28,0.1271,1079.52,Growth Opportunity,1.76
2025,Perlis,MY-09,Northern,6.4449,100.2048,Melaka,MY-04,Southern,2.2458,102.2741,True,False,520.22,92.885,7178.691,1.29,2.11,63.0,954.52,46.1,20655.0,3484720.0,1654330.0,32.19,12.35,8.406,1105.0,Resilient Anchor,2.11,132.97,63.0,0.1093,954.52,Lower Strategic Priority,1.32
2025,W.P. Putrajaya,MY-16,Central,2.9264,101.6964,Johor,MY-01,Southern,1.9344,103.3587,True,False,215.11,90.693,9821.9,0.92,2.68,42.98,1131.27,54.2,35799.0,7382730.0,3250524.0,30.57,10.45,36.309,249.8,Resilient Anchor,2.68,115.18,42.98,0.1297,1131.27,Lower Strategic Priority,1.42
2025,Sarawak,MY-13,East Malaysia,2.5574,113.0012,Kelantan,MY-03,East Coast,5.3117,102.004,True,True,1257.68,89.927,6512.13,1.38,2.98,25.11,486.94,43.5,6392.0,1399111.0,59329.0,4.07,6.72,2.591,3470.7,Resilient Anchor,2.98,74.77,25.11,0.0929,486.94,Lower Strategic Priority,1.61
2025,Negeri Sembilan,MY-05,Central,2.7258,102.243,Sarawak,MY-13,East Malaysia,2.5574,113.0012,True,True,1195.13,87.136,6329.894,1.38,3.1,44.42,872.6,47.3,28236.0,5760526.0,1222481.0,17.51,12.01,40.451,215.4,Resilient Anchor,3.1,137.85,44.42,0.0955,872.6,Growth Opportunity,3.96
2025,W.P. Kuala Lumpur,MY-14,Central,3.139,101.6869,W.P. Putrajaya,MY-16,Central,2.9264,101.6964,True,False,23.66,86.169,906.098,9.51,2.5,31.44,71.17,56.0,2656.0,566830.0,222220.0,28.16,6.77,1.372,6280.5,Resilient Anchor,2.5,78.55,31.44,0.0576,71.17,Lower Strategic Priority,9.54
2025,Perlis,MY-09,Northern,6.4449,100.2048,Kelantan,MY-03,East Coast,5.3117,102.004,True,False,235.54,85.72,6512.13,1.32,2.98,25.11,486.94,43.5,6392.0,1399111.0,59329.0,4.07,6.41,23.2,369.5,Resilient Anchor,2.98,74.77,25.11,0.0929,486.94,Lower Strategic Priority,1.53
2025,Kedah,MY-02,Northern,6.1184,100.3685,Sarawak,MY-13,East Malaysia,2.5574,113.0012,True,True,1455.33,85.125,6329.894,1.34,3.1,44.42,872.6,47.3,28236.0,5760526.0,1222481.0,17.51,11.73,32.185,264.5,Resilient Anchor,3.1,137.85,44.42,0.0955,872.6,Growth Opportunity,3.87
2025,Kedah,MY-02,Northern,6.1184,100.3685,W.P. Putrajaya,MY-16,Central,2.9264,101.6964,True,False,384.24,85.02,906.098,9.38,2.5,31.44,71.17,56.0,2656.0,566830.0,222220.0,28.16,6.68,36.411,233.5,Resilient Anchor,2.5,78.55,31.44,0.0576,71.17,Lower Strategic Priority,9.41
2025,Terengganu,MY-11,East Coast,4.881,103.1167,W.P. Putrajaya,MY-16,Central,2.9264,101.6964,True,False,268.44,84.339,906.098,9.31,2.5,31.44,71.17,56.0,2656.0,566830.0,222220.0,28.16,6.62,79.487,106.1,Resilient Anchor,2.5,78.55,31.44,0.0576,71.17,Lower Strategic Priority,9.34
2025,Sabah,MY-12,East Malaysia,5.9788,116.0753,Terengganu,MY-11,East Coast,4.881,103.1167,True,True,1439.6,83.995,5239.642,1.6,2.76,33.84,489.09,45.6,11314.0,2414955.0,276786.0,10.28,7.84,22.789,368.6,Resilient Anchor,2.76,93.34,33.84,0.0844,489.09,Lower Strategic Priority,1.85
2025,Terengganu,MY-11,East Coast,4.881,103.1167,Kedah,MY-02,Northern,6.1184,100.3685,True,False,333.85,83.693,7124.845,1.17,2.82,29.27,587.96,50.9,18679.0,3121208.0,2109996.0,40.33,6.91,107.82,77.6,Emerging / Modest Growth,2.82,82.52,29.27,0.1065,587.96,Lower Strategic Priority,1.42
2025,Perlis,MY-09,Northern,6.4449,100.2048,Selangor,MY-10,Central,3.0738,101.5183,True,False,402.11,82.253,10595.556,0.78,2.31,60.67,1487.46,54.8,35066.0,6296432.0,3614885.0,36.47,11.55,71.189,115.5,Resilient Anchor,2.31,140.39,60.67,0.0944,1487.46,Lower Strategic Priority,1.01
2025,Kelantan,MY-03,East Coast,5.3117,102.004,Sabah,MY-12,East Malaysia,5.9788,116.0753,True,True,1558.79,80.149,7359.888999999999,1.09,3.15,46.37,1073.57,54.1,27254.0,4445738.0,2900293.0,39.48,11.69,21.222,377.7,Resilient Anchor,3.15,145.87,46.37,0.1101,1073.57,Growth Opportunity,4.39
2025,Perlis,MY-09,Northern,6.4449,100.2048,W.P. Kuala Lumpur,MY-14,Central,3.139,101.6869,True,False,402.61,79.659,10078.573,0.79,2.33,82.96,1945.36,66.9,66133.0,10353924.0,13383492.0,56.38,15.38,50.907,156.5,Resilient Anchor,2.33,193.02,82.96,0.1151,1945.36,Lower Strategic Priority,0.84
2025,Negeri Sembilan,MY-05,Central,2.7258,102.243,Sabah,MY-12,East Malaysia,5.9788,116.0753,True,True,1575.5,78.882,7359.888999999999,1.07,3.15,46.37,1073.57,54.1,27254.0,4445738.0,2900293.0,39.48,11.51,7.858,1003.8,Resilient Anchor,3.15,145.87,46.37,0.1101,1073.57,Growth Opportunity,4.33
2025,Perlis,MY-09,Northern,6.4449,100.2048,Pahang,MY-06,East Coast,3.8126,102.3256,True,False,375.27,78.512,11045.98,0.71,2.21,53.78,1312.31,76.3,34401.0,10011366.0,2953226.0,22.78,9.33,19.55,401.6,Resilient Anchor,2.21,118.8,53.78,0.1333,1312.31,Lower Strategic Priority,0.93
2025,W.P. Putrajaya,MY-16,Central,2.9264,101.6964,Negeri Sembilan,MY-05,Central,2.7258,102.243,True,False,64.67,78.057,6547.023,1.19,2.29,37.78,567.6,44.2,11527.0,2154435.0,497085.0,18.75,6.77,66.453,117.5,Resilient Anchor,2.29,86.7,37.78,0.0869,567.6,Lower Strategic Priority,1.28
2025,Johor,MY-01,Southern,1.9344,103.3587,W.P. Putrajaya,MY-16,Central,2.9264,101.6964,True,False,215.11,76.891,906.098,8.49,2.5,31.44,71.17,56.0,2656.0,566830.0,222220.0,28.16,6.04,12.141,633.3,Resilient Anchor,2.5,78.55,31.44,0.0576,71.17,Lower Strategic Priority,8.51
2025,Pulau Pinang,MY-07,Northern,5.4141,100.3288,Melaka,MY-04,Southern,2.2458,102.2741,True,False,413.14,74.643,7178.691,1.04,2.11,63.0,954.52,46.1,20655.0,3484720.0,1654330.0,32.19,9.92,55.612,134.2,Resilient Anchor,2.11,132.97,63.0,0.1093,954.52,Lower Strategic Priority,1.06
2025,Sabah,MY-12,East Malaysia,5.9788,116.0753,Johor,MY-01,Southern,1.9344,103.3587,True,True,1480.31,73.52,9821.9,0.75,2.68,42.98,1131.27,54.2,35799.0,7382730.0,3250524.0,30.57,8.47,9.546,770.2,Resilient Anchor,2.68,115.18,42.98,0.1297,1131.27,Lower Strategic Priority,1.15
2025,Sabah,MY-12,East Malaysia,5.9788,116.0753,W.P. Labuan,MY-15,East Malaysia,5.2831,115.2308,True,False,121.31,71.595,266.78499999999997,26.84,2.51,67.59,45.28,39.4,2298.0,423944.0,55107.0,11.5,12.15,30.621,233.8,Resilient Anchor,2.51,169.72,67.59,0.1194,45.28,Growth Opportunity,27.12
2025,Selangor,MY-10,Central,3.0738,101.5183,W.P. Putrajaya,MY-16,Central,2.9264,101.6964,True,False,25.69,71.394,906.098,7.88,2.5,31.44,71.17,56.0,2656.0,566830.0,222220.0,28.16,5.61,2.03,3516.9,Resilient Anchor,2.5,78.55,31.44,0.0576,71.17,Lower Strategic Priority,7.9
2025,W.P. Putrajaya,MY-16,Central,2.9264,101.6964,Kelantan,MY-03,East Coast,5.3117,102.004,True,False,267.42,71.385,6512.13,1.1,2.98,25.11,486.94,43.5,6392.0,1399111.0,59329.0,4.07,5.34,30.35,235.2,Resilient Anchor,2.98,74.77,25.11,0.0929,486.94,Lower Strategic Priority,1.27
2025,Kelantan,MY-03,East Coast,5.3117,102.004,Negeri Sembilan,MY-05,Central,2.7258,102.243,True,False,288.76,66.973,6547.023,1.02,2.29,37.78,567.6,44.2,11527.0,2154435.0,497085.0,18.75,5.81,52.715,127.0,Resilient Anchor,2.29,86.7,37.78,0.0869,567.6,Lower Strategic Priority,1.1
2025,Negeri Sembilan,MY-05,Central,2.7258,102.243,Pulau Pinang,MY-07,Northern,5.4141,100.3288,True,False,366.64,65.536,5629.544,1.16,2.65,72.28,1079.52,58.6,28045.0,5293653.0,3472459.0,39.61,12.57,43.808,149.6,Resilient Anchor,2.65,191.76,72.28,0.1271,1079.52,Growth Opportunity,1.24
2025,Perlis,MY-09,Northern,6.4449,100.2048,Negeri Sembilan,MY-05,Central,2.7258,102.243,True,False,471.21,64.994,6547.023,0.99,2.29,37.78,567.6,44.2,11527.0,2154435.0,497085.0,18.75,5.63,15.411,421.7,Resilient Anchor,2.29,86.7,37.78,0.0869,567.6,Lower Strategic Priority,1.07
2025,Sabah,MY-12,East Malaysia,5.9788,116.0753,Pulau Pinang,MY-07,Northern,5.4141,100.3288,True,True,1743.35,64.458,5629.544,1.14,2.65,72.28,1079.52,58.6,28045.0,5293653.0,3472459.0,39.61,12.36,14.096,457.3,Resilient Anchor,2.65,191.76,72.28,0.1271,1079.52,Growth Opportunity,1.21
2025,Terengganu,MY-11,East Coast,4.881,103.1167,Sarawak,MY-13,East Malaysia,2.5574,113.0012,True,True,1126.73,64.251,6329.894,1.02,3.1,44.42,872.6,47.3,28236.0,5760526.0,1222481.0,17.51,8.86,4.457,1441.6,Resilient Anchor,3.1,137.85,44.42,0.0955,872.6,Growth Opportunity,2.92
2025,Pahang,MY-06,East Coast,3.8126,102.3256,Sarawak,MY-13,East Malaysia,2.5574,113.0012,True,True,1193.4,63.906,6329.894,1.01,3.1,44.42,872.6,47.3,28236.0,5760526.0,1222481.0,17.51,8.81,3.686,1733.7,Resilient Anchor,3.1,137.85,44.42,0.0955,872.6,Growth Opportunity,2.9
2025,Negeri Sembilan,MY-05,Central,2.7258,102.243,W.P. Putrajaya,MY-16,Central,2.9264,101.6964,True,False,64.67,63.288,906.098,6.98,2.5,31.44,71.17,56.0,2656.0,566830.0,222220.0,28.16,4.97,9.829,643.9,Resilient Anchor,2.5,78.55,31.44,0.0576,71.17,Lower Strategic Priority,7.01
2025,Pahang,MY-06,East Coast,3.8126,102.3256,Perlis,MY-09,Northern,6.4449,100.2048,True,False,375.27,60.726,1474.936,4.12,2.25,35.64,118.12,41.7,1553.0,324884.0,8334.0,2.5,4.86,0.58,10470.0,Resilient Anchor,2.25,80.09,35.64,0.0975,118.12,Lower Strategic Priority,4.19
2025,Melaka,MY-04,Southern,2.2458,102.2741,W.P. Putrajaya,MY-16,Central,2.9264,101.6964,True,False,99.22,59.888,906.098,6.61,2.5,31.44,71.17,56.0,2656.0,566830.0,222220.0,28.16,4.7,3.046,1966.1,Resilient Anchor,2.5,78.55,31.44,0.0576,71.17,Lower Strategic Priority,6.63
2025,Melaka,MY-04,Southern,2.2458,102.2741,Kelantan,MY-03,East Coast,5.3117,102.004,True,False,342.23,59.714,6512.13,0.92,2.98,25.11,486.94,43.5,6392.0,1399111.0,59329.0,4.07,4.47,90.72,65.8,Emerging / Modest Growth,2.98,74.77,25.11,0.0929,486.94,Lower Strategic Priority,1.07
2025,Melaka,MY-04,Southern,2.2458,102.2741,Perlis,MY-09,Northern,6.4449,100.2048,True,False,520.22,57.367,1474.936,3.89,2.25,35.64,118.12,41.7,1553.0,324884.0,8334.0,2.5,4.59,15.265,375.8,Resilient Anchor,2.25,80.09,35.64,0.0975,118.12,Lower Strategic Priority,3.96
2025,Pulau Pinang,MY-07,Northern,5.4141,100.3288,Negeri Sembilan,MY-05,Central,2.7258,102.243,True,False,366.64,56.642,6547.023,0.87,2.29,37.78,567.6,44.2,11527.0,2154435.0,497085.0,18.75,4.91,20.471,276.7,Resilient Anchor,2.29,86.7,37.78,0.0869,567.6,Lower Strategic Priority,0.93
2025,Pahang,MY-06,East Coast,3.8126,102.3256,W.P. Putrajaya,MY-16,Central,2.9264,101.6964,True,False,120.78,55.202,906.098,6.09,2.5,31.44,71.17,56.0,2656.0,566830.0,222220.0,28.16,4.34,16.31,338.5,Resilient Anchor,2.5,78.55,31.44,0.0576,71.17,Lower Strategic Priority,6.11
2025,Melaka,MY-04,Southern,2.2458,102.2741,Sarawak,MY-13,East Malaysia,2.5574,113.0012,True,True,1192.25,55.149,6329.894,0.87,3.1,44.42,872.6,47.3,28236.0,5760526.0,1222481.0,17.51,7.6,12.389,445.1,Resilient Anchor,3.1,137.85,44.42,0.0955,872.6,Growth Opportunity,2.5
2025,Sabah,MY-12,East Malaysia,5.9788,116.0753,W.P. Putrajaya,MY-16,Central,2.9264,101.6964,True,True,1629.56,53.724,906.098,5.93,2.5,31.44,71.17,56.0,2656.0,566830.0,222220.0,28.16,4.22,22.046,243.7,Resilient Anchor,2.5,78.55,31.44,0.0576,71.17,Lower Strategic Priority,5.95
2025,Sarawak,MY-13,East Malaysia,2.5574,113.0012,Negeri Sembilan,MY-05,Central,2.7258,102.243,True,True,1195.13,51.548,6547.023,0.79,2.29,37.78,567.6,44.2,11527.0,2154435.0,497085.0,18.75,4.47,3.829,1346.3,Resilient Anchor,2.29,86.7,37.78,0.0869,567.6,Lower Strategic Priority,0.85
2025,Sabah,MY-12,East Malaysia,5.9788,116.0753,Melaka,MY-04,Southern,2.2458,102.2741,True,True,1585.67,50.586,7178.691,0.7,2.11,63.0,954.52,46.1,20655.0,3484720.0,1654330.0,32.19,6.73,3.892,1299.7,Resilient Anchor,2.11,132.97,63.0,0.1093,954.52,Lower Strategic Priority,0.72
2025,Johor,MY-01,Southern,1.9344,103.3587,Perlis,MY-09,Northern,6.4449,100.2048,True,False,611.4,50.178,1474.936,3.4,2.25,35.64,118.12,41.7,1553.0,324884.0,8334.0,2.5,4.02,14.57,344.4,Resilient Anchor,2.25,80.09,35.64,0.0975,118.12,Lower Strategic Priority,3.46
2025,Negeri Sembilan,MY-05,Central,2.7258,102.243,W.P. Labuan,MY-15,East Malaysia,5.2831,115.2308,True,True,1468.31,47.15,266.78499999999997,17.67,2.51,67.59,45.28,39.4,2298.0,423944.0,55107.0,11.5,8.0,3.347,1408.7,Resilient Anchor,2.51,169.72,67.59,0.1194,45.28,Growth Opportunity,17.86
2025,W.P. Putrajaya,MY-16,Central,2.9264,101.6964,Perak,MY-08,Northern,4.694,101.0901,True,False,207.74,46.413,10413.82,0.45,2.44,31.32,795.67,46.4,19572.0,4291891.0,944578.0,18.04,3.55,58.682,79.1,Emerging / Modest Growth,2.44,76.4,31.32,0.0992,795.67,Lower Strategic Priority,0.53
2025,Selangor,MY-10,Central,3.0738,101.5183,W.P. Labuan,MY-15,East Malaysia,5.2831,115.2308,True,True,1540.31,46.372,266.78499999999997,17.38,2.51,67.59,45.28,39.4,2298.0,423944.0,55107.0,11.5,7.87,20.089,230.8,Resilient Anchor,2.51,169.72,67.59,0.1194,45.28,Growth Opportunity,17.56
2025,Perlis,MY-09,Northern,6.4449,100.2048,Johor,MY-01,Southern,1.9344,103.3587,True,False,611.4,40.988,9821.9,0.42,2.68,42.98,1131.27,54.2,35799.0,7382730.0,3250524.0,30.57,4.72,19.212,213.3,Resilient Anchor,2.68,115.18,42.98,0.1297,1131.27,Lower Strategic Priority,0.64
2025,Pulau Pinang,MY-07,Northern,5.4141,100.3288,W.P. Putrajaya,MY-16,Central,2.9264,101.6964,True,False,315.46,40.206,906.098,4.44,2.5,31.44,71.17,56.0,2656.0,566830.0,222220.0,28.16,3.16,18.296,219.8,Resilient Anchor,2.5,78.55,31.44,0.0576,71.17,Lower Strategic Priority,4.45
2025,W.P. Putrajaya,MY-16,Central,2.9264,101.6964,Pahang,MY-06,East Coast,3.8126,102.3256,True,False,120.78,38.547,11045.98,0.35,2.21,53.78,1312.31,76.3,34401.0,10011366.0,2953226.0,22.78,4.58,60.223,64.0,Emerging / Modest Growth,2.21,118.8,53.78,0.1333,1312.31,Lower Strategic Priority,0.46
2025,W.P. Putrajaya,MY-16,Central,2.9264,101.6964,Kedah,MY-02,Northern,6.1184,100.3685,True,False,384.24,35.052,7124.845,0.49,2.82,29.27,587.96,50.9,18679.0,3121208.0,2109996.0,40.33,2.89,31.273,112.1,Resilient Anchor,2.82,82.52,29.27,0.1065,587.96,Lower Strategic Priority,0.6
2025,Perlis,MY-09,Northern,6.4449,100.2048,Terengganu,MY-11,East Coast,4.881,103.1167,True,False,366.13,33.064,5239.642,0.63,2.76,33.84,489.09,45.6,11314.0,2414955.0,276786.0,10.28,3.09,6.337,521.8,Resilient Anchor,2.76,93.34,33.84,0.0844,489.09,Lower Strategic Priority,0.73
2025,Sarawak,MY-13,East Malaysia,2.5574,113.0012,Johor,MY-01,Southern,1.9344,103.3587,True,True,1073.6,30.223,9821.9,0.31,2.68,42.98,1131.27,54.2,35799.0,7382730.0,3250524.0,30.57,3.48,61.061,49.5,Emerging / Modest Growth,2.68,115.18,42.98,0.1297,1131.27,Lower Strategic Priority,0.47
2025,W.P. Labuan,MY-15,East Malaysia,5.2831,115.2308,Negeri Sembilan,MY-05,Central,2.7258,102.243,True,True,1468.31,30.209,6547.023,0.46,2.29,37.78,567.6,44.2,11527.0,2154435.0,497085.0,18.75,2.62,0.598,5051.7,Resilient Anchor,2.29,86.7,37.78,0.0869,567.6,Lower Strategic Priority,0.5
2025,W.P. Putrajaya,MY-16,Central,2.9264,101.6964,Selangor,MY-10,Central,3.0738,101.5183,True,False,25.69,29.555,10595.556,0.28,2.31,60.67,1487.46,54.8,35066.0,6296432.0,3614885.0,36.47,4.15,38.607,76.6,Emerging / Modest Growth,2.31,140.39,60.67,0.0944,1487.46,Lower Strategic Priority,0.36
2025,W.P. Putrajaya,MY-16,Central,2.9264,101.6964,W.P. Kuala Lumpur,MY-14,Central,3.139,101.6869,True,False,23.66,27.634,10078.573,0.27,2.33,82.96,1945.36,66.9,66133.0,10353924.0,13383492.0,56.38,5.33,10.222,270.3,Resilient Anchor,2.33,193.02,82.96,0.1151,1945.36,Lower Strategic Priority,0.29
2025,Melaka,MY-04,Southern,2.2458,102.2741,W.P. Labuan,MY-15,East Malaysia,5.2831,115.2308,True,True,1476.57,26.775,266.78499999999997,10.04,2.51,67.59,45.28,39.4,2298.0,423944.0,55107.0,11.5,4.54,19.447,137.7,Resilient Anchor,2.51,169.72,67.59,0.1194,45.28,Growth Opportunity,10.14
2025,Sarawak,MY-13,East Malaysia,2.5574,113.0012,Kedah,MY-02,Northern,6.1184,100.3685,True,True,1455.33,25.911,7124.845,0.36,2.82,29.27,587.96,50.9,18679.0,3121208.0,2109996.0,40.33,2.14,16.032,161.6,Resilient Anchor,2.82,82.52,29.27,0.1065,587.96,Lower Strategic Priority,0.44
2025,Pahang,MY-06,East Coast,3.8126,102.3256,W.P. Labuan,MY-15,East Malaysia,5.2831,115.2308,True,True,1439.73,22.741,266.78499999999997,8.52,2.51,67.59,45.28,39.4,2298.0,423944.0,55107.0,11.5,3.86,8.31,273.7,Resilient Anchor,2.51,169.72,67.59,0.1194,45.28,Growth Opportunity,8.61
2025,W.P. Labuan,MY-15,East Malaysia,5.2831,115.2308,Selangor,MY-10,Central,3.0738,101.5183,True,True,1540.31,21.329,10595.556,0.2,2.31,60.67,1487.46,54.8,35066.0,6296432.0,3614885.0,36.47,2.99,6.542,326.0,Resilient Anchor,2.31,140.39,60.67,0.0944,1487.46,Lower Strategic Priority,0.26
2025,W.P. Labuan,MY-15,East Malaysia,5.2831,115.2308,Kelantan,MY-03,East Coast,5.3117,102.004,True,True,1464.45,21.278,6512.13,0.33,2.98,25.11,486.94,43.5,6392.0,1399111.0,59329.0,4.07,1.59,0.702,3031.1,Resilient Anchor,2.98,74.77,25.11,0.0929,486.94,Lower Strategic Priority,0.38
2025,W.P. Labuan,MY-15,East Malaysia,5.2831,115.2308,Melaka,MY-04,Southern,2.2458,102.2741,True,True,1476.57,20.01,7178.691,0.28,2.11,63.0,954.52,46.1,20655.0,3484720.0,1654330.0,32.19,2.66,0.636,3146.2,Resilient Anchor,2.11,132.97,63.0,0.1093,954.52,Lower Strategic Priority,0.28
2025,W.P. Labuan,MY-15,East Malaysia,5.2831,115.2308,W.P. Kuala Lumpur,MY-14,Central,3.139,101.6869,True,True,1520.65,19.928,10078.573,0.2,2.33,82.96,1945.36,66.9,66133.0,10353924.0,13383492.0,56.38,3.85,2.418,824.2,Resilient Anchor,2.33,193.02,82.96,0.1151,1945.36,Lower Strategic Priority,0.21
2025,W.P. Labuan,MY-15,East Malaysia,5.2831,115.2308,Johor,MY-01,Southern,1.9344,103.3587,True,True,1368.92,19.247,9821.9,0.2,2.68,42.98,1131.27,54.2,35799.0,7382730.0,3250524.0,30.57,2.22,1.495,1287.4,Resilient Anchor,2.68,115.18,42.98,0.1297,1131.27,Lower Strategic Priority,0.3
2025,W.P. Putrajaya,MY-16,Central,2.9264,101.6964,Melaka,MY-04,Southern,2.2458,102.2741,True,False,99.22,19.15,7178.691,0.27,2.11,63.0,954.52,46.1,20655.0,3484720.0,1654330.0,32.19,2.55,57.371,33.4,Emerging / Modest Growth,2.11,132.97,63.0,0.1093,954.52,Lower Strategic Priority,0.27
2025,Negeri Sembilan,MY-05,Central,2.7258,102.243,Perlis,MY-09,Northern,6.4449,100.2048,True,False,471.21,18.698,1474.936,1.27,2.25,35.64,118.12,41.7,1553.0,324884.0,8334.0,2.5,1.5,3.405,549.1,Resilient Anchor,2.25,80.09,35.64,0.0975,118.12,Lower Strategic Priority,1.29
2025,Sarawak,MY-13,East Malaysia,2.5574,113.0012,Perak,MY-08,Northern,4.694,101.0901,True,True,1342.9,18.356,10413.82,0.18,2.44,31.32,795.67,46.4,19572.0,4291891.0,944578.0,18.04,1.4,1.728,1062.3,Resilient Anchor,2.44,76.4,31.32,0.0992,795.67,Lower Strategic Priority,0.21
2025,Sabah,MY-12,East Malaysia,5.9788,116.0753,Perlis,MY-09,Northern,6.4449,100.2048,True,True,1755.05,14.672,1474.936,0.99,2.25,35.64,118.12,41.7,1553.0,324884.0,8334.0,2.5,1.18,0.333,4406.0,Resilient Anchor,2.25,80.09,35.64,0.0975,118.12,Lower Strategic Priority,1.01
2025,W.P. Putrajaya,MY-16,Central,2.9264,101.6964,Terengganu,MY-11,East Coast,4.881,103.1167,True,False,268.44,14.576,5239.642,0.28,2.76,33.84,489.09,45.6,11314.0,2414955.0,276786.0,10.28,1.36,22.117,65.9,Emerging / Modest Growth,2.76,93.34,33.84,0.0844,489.09,Lower Strategic Priority,0.32
2025,Sarawak,MY-13,East Malaysia,2.5574,113.0012,W.P. Putrajaya,MY-16,Central,2.9264,101.6964,True,True,1256.26,12.667,906.098,1.4,2.5,31.44,71.17,56.0,2656.0,566830.0,222220.0,28.16,0.99,39.81,31.8,Emerging / Modest Growth,2.5,78.55,31.44,0.0576,71.17,Lower Strategic Priority,1.4
2025,W.P. Labuan,MY-15,East Malaysia,5.2831,115.2308,Kedah,MY-02,Northern,6.1184,100.3685,True,True,1647.0,12.186,7124.845,0.17,2.82,29.27,587.96,50.9,18679.0,3121208.0,2109996.0,40.33,1.01,5.276,231.0,Resilient Anchor,2.82,82.52,29.27,0.1065,587.96,Lower Strategic Priority,0.21
2025,Kelantan,MY-03,East Coast,5.3117,102.004,Perlis,MY-09,Northern,6.4449,100.2048,True,False,235.54,12.1,1474.936,0.82,2.25,35.64,118.12,41.7,1553.0,324884.0,8334.0,2.5,0.97,8.687,139.3,Resilient Anchor,2.25,80.09,35.64,0.0975,118.12,Lower Strategic Priority,0.84
2025,Perlis,MY-09,Northern,6.4449,100.2048,W.P. Putrajaya,MY-16,Central,2.9264,101.6964,True,False,424.72,11.752,906.098,1.3,2.5,31.44,71.17,56.0,2656.0,566830.0,222220.0,28.16,0.92,1.516,775.2,Resilient Anchor,2.5,78.55,31.44,0.0576,71.17,Lower Strategic Priority,1.3
2025,W.P. Labuan,MY-15,East Malaysia,5.2831,115.2308,Sarawak,MY-13,East Malaysia,2.5574,113.0012,True,False,391.18,11.257,6329.894,0.18,3.1,44.42,872.6,47.3,28236.0,5760526.0,1222481.0,17.51,1.55,4.193,268.5,Resilient Anchor,3.1,137.85,44.42,0.0955,872.6,Growth Opportunity,0.51
2025,W.P. Labuan,MY-15,East Malaysia,5.2831,115.2308,Pulau Pinang,MY-07,Northern,5.4141,100.3288,True,True,1649.84,10.798,5629.544,0.19,2.65,72.28,1079.52,58.6,28045.0,5293653.0,3472459.0,39.61,2.07,1.467,736.1,Resilient Anchor,2.65,191.76,72.28,0.1271,1079.52,Growth Opportunity,0.2
2025,Sarawak,MY-13,East Malaysia,2.5574,113.0012,W.P. Labuan,MY-15,East Malaysia,5.2831,115.2308,True,False,391.18,9.609,266.78499999999997,3.6,2.51,67.59,45.28,39.4,2298.0,423944.0,55107.0,11.5,1.63,20.046,47.9,Emerging / Modest Growth,2.51,169.72,67.59,0.1194,45.28,Growth Opportunity,3.64
2025,Sarawak,MY-13,East Malaysia,2.5574,113.0012,Pahang,MY-06,East Coast,3.8126,102.3256,True,True,1193.4,8.759,11045.98,0.08,2.21,53.78,1312.31,76.3,34401.0,10011366.0,2953226.0,22.78,1.04,18.388,47.6,Emerging / Modest Growth,2.21,118.8,53.78,0.1333,1312.31,Lower Strategic Priority,0.1
2025,Pahang,MY-06,East Coast,3.8126,102.3256,Sabah,MY-12,East Malaysia,5.9788,116.0753,True,True,1542.13,7.808,7359.888999999999,0.11,3.15,46.37,1073.57,54.1,27254.0,4445738.0,2900293.0,39.48,1.14,9.789,79.8,Emerging / Modest Growth,3.15,145.87,46.37,0.1101,1073.57,Growth Opportunity,0.43
2025,Kedah,MY-02,Northern,6.1184,100.3685,W.P. Labuan,MY-15,East Malaysia,5.2831,115.2308,True,True,1647.0,7.389,266.78499999999997,2.77,2.51,67.59,45.28,39.4,2298.0,423944.0,55107.0,11.5,1.25,1.56,473.7,Resilient Anchor,2.51,169.72,67.59,0.1194,45.28,Growth Opportunity,2.8
2025,Melaka,MY-04,Southern,2.2458,102.2741,Sabah,MY-12,East Malaysia,5.9788,116.0753,True,True,1585.67,7.035,7359.888999999999,0.1,3.15,46.37,1073.57,54.1,27254.0,4445738.0,2900293.0,39.48,1.03,14.098,49.9,Emerging / Modest Growth,3.15,145.87,46.37,0.1101,1073.57,Growth Opportunity,0.39
2025,Perlis,MY-09,Northern,6.4449,100.2048,W.P. Labuan,MY-15,East Malaysia,5.2831,115.2308,True,True,1667.01,6.994,266.78499999999997,2.62,2.51,67.59,45.28,39.4,2298.0,423944.0,55107.0,11.5,1.19,1.29,542.2,Resilient Anchor,2.51,169.72,67.59,0.1194,45.28,Growth Opportunity,2.65
2025,W.P. Kuala Lumpur,MY-14,Central,3.139,101.6869,W.P. Labuan,MY-15,East Malaysia,5.2831,115.2308,True,True,1520.65,6.772,266.78499999999997,2.54,2.51,67.59,45.28,39.4,2298.0,423944.0,55107.0,11.5,1.15,33.286,20.3,Emerging / Modest Growth,2.51,169.72,67.59,0.1194,45.28,Growth Opportunity,2.56
2025,Terengganu,MY-11,East Coast,4.881,103.1167,Sabah,MY-12,East Malaysia,5.9788,116.0753,True,True,1439.6,6.117,7359.888999999999,0.08,3.15,46.37,1073.57,54.1,27254.0,4445738.0,2900293.0,39.48,0.89,4.92,124.3,Resilient Anchor,3.15,145.87,46.37,0.1101,1073.57,Growth Opportunity,0.34
2025,W.P. Labuan,MY-15,East Malaysia,5.2831,115.2308,Pahang,MY-06,East Coast,3.8126,102.3256,True,True,1439.73,5.708,11045.98,0.05,2.21,53.78,1312.31,76.3,34401.0,10011366.0,2953226.0,22.78,0.68,0.72,792.8,Resilient Anchor,2.21,118.8,53.78,0.1333,1312.31,Lower Strategic Priority,0.07
2025,Terengganu,MY-11,East Coast,4.881,103.1167,Perlis,MY-09,Northern,6.4449,100.2048,True,False,366.13,5.675,1474.936,0.38,2.25,35.64,118.12,41.7,1553.0,324884.0,8334.0,2.5,0.45,4.232,134.1,Resilient Anchor,2.25,80.09,35.64,0.0975,118.12,Lower Strategic Priority,0.39
2025,W.P. Putrajaya,MY-16,Central,2.9264,101.6964,Perlis,MY-09,Northern,6.4449,100.2048,True,False,424.72,5.634,1474.936,0.38,2.25,35.64,118.12,41.7,1553.0,324884.0,8334.0,2.5,0.45,7.148,78.8,Emerging / Modest Growth,2.25,80.09,35.64,0.0975,118.12,Lower Strategic Priority,0.39
2025,W.P. Labuan,MY-15,East Malaysia,5.2831,115.2308,Terengganu,MY-11,East Coast,4.881,103.1167,True,True,1342.45,5.35,5239.642,0.1,2.76,33.84,489.09,45.6,11314.0,2414955.0,276786.0,10.28,0.5,1.515,353.1,Resilient Anchor,2.76,93.34,33.84,0.0844,489.09,Lower Strategic Priority,0.12
2025,W.P. Labuan,MY-15,East Malaysia,5.2831,115.2308,Perlis,MY-09,Northern,6.4449,100.2048,True,True,1667.01,5.148,1474.936,0.35,2.25,35.64,118.12,41.7,1553.0,324884.0,8334.0,2.5,0.41,0.103,4998.1,Resilient Anchor,2.25,80.09,35.64,0.0975,118.12,Lower Strategic Priority,0.36
2025,Terengganu,MY-11,East Coast,4.881,103.1167,W.P. Labuan,MY-15,East Malaysia,5.2831,115.2308,True,True,1342.45,4.999,266.78499999999997,1.87,2.51,67.59,45.28,39.4,2298.0,423944.0,55107.0,11.5,0.85,1.854,269.6,Resilient Anchor,2.51,169.72,67.59,0.1194,45.28,Growth Opportunity,1.89
2025,W.P. Putrajaya,MY-16,Central,2.9264,101.6964,Pulau Pinang,MY-07,Northern,5.4141,100.3288,True,False,315.46,4.592,5629.544,0.08,2.65,72.28,1079.52,58.6,28045.0,5293653.0,3472459.0,39.61,0.88,16.191,28.4,Emerging / Modest Growth,2.65,191.76,72.28,0.1271,1079.52,Growth Opportunity,0.09
2025,Sarawak,MY-13,East Malaysia,2.5574,113.0012,Perlis,MY-09,Northern,6.4449,100.2048,True,True,1482.63,4.4,1474.936,0.3,2.25,35.64,118.12,41.7,1553.0,324884.0,8334.0,2.5,0.35,0.388,1134.0,Resilient Anchor,2.25,80.09,35.64,0.0975,118.12,Lower Strategic Priority,0.3
2025,Perlis,MY-09,Northern,6.4449,100.2048,Sabah,MY-12,East Malaysia,5.9788,116.0753,True,True,1755.05,4.048,7359.888999999999,0.06,3.15,46.37,1073.57,54.1,27254.0,4445738.0,2900293.0,39.48,0.59,2.623,154.3,Resilient Anchor,3.15,145.87,46.37,0.1101,1073.57,Growth Opportunity,0.22
2025,W.P. Labuan,MY-15,East Malaysia,5.2831,115.2308,Perak,MY-08,Northern,4.694,101.0901,True,True,1567.75,3.732,10413.82,0.04,2.44,31.32,795.67,46.4,19572.0,4291891.0,944578.0,18.04,0.29,0.47,794.0,Resilient Anchor,2.44,76.4,31.32,0.0992,795.67,Lower Strategic Priority,0.04
2025,Perak,MY-08,Northern,4.694,101.0901,W.P. Labuan,MY-15,East Malaysia,5.2831,115.2308,True,True,1567.75,3.518,266.78499999999997,1.32,2.51,67.59,45.28,39.4,2298.0,423944.0,55107.0,11.5,0.6,18.066,19.5,Emerging / Modest Growth,2.51,169.72,67.59,0.1194,45.28,Growth Opportunity,1.33
2025,Sarawak,MY-13,East Malaysia,2.5574,113.0012,Terengganu,MY-11,East Coast,4.881,103.1167,True,True,1126.73,3.502,5239.642,0.07,2.76,33.84,489.09,45.6,11314.0,2414955.0,276786.0,10.28,0.33,9.952,35.2,Emerging / Modest Growth,2.76,93.34,33.84,0.0844,489.09,Lower Strategic Priority,0.08
2025,Johor,MY-01,Southern,1.9344,103.3587,W.P. Labuan,MY-15,East Malaysia,5.2831,115.2308,True,True,1368.92,3.471,266.78499999999997,1.3,2.51,67.59,45.28,39.4,2298.0,423944.0,55107.0,11.5,0.59,12.935,26.8,Emerging / Modest Growth,2.51,169.72,67.59,0.1194,45.28,Growth Opportunity,1.31
2025,W.P. Putrajaya,MY-16,Central,2.9264,101.6964,Sarawak,MY-13,East Malaysia,2.5574,113.0012,True,True,1256.26,3.212,6329.894,0.05,3.1,44.42,872.6,47.3,28236.0,5760526.0,1222481.0,17.51,0.44,3.723,86.3,Emerging / Modest Growth,3.1,137.85,44.42,0.0955,872.6,Growth Opportunity,0.15
2025,Kelantan,MY-03,East Coast,5.3117,102.004,W.P. Labuan,MY-15,East Malaysia,5.2831,115.2308,True,True,1464.45,2.559,266.78499999999997,0.96,2.51,67.59,45.28,39.4,2298.0,423944.0,55107.0,11.5,0.43,32.345,7.9,Emerging / Modest Growth,2.51,169.72,67.59,0.1194,45.28,Growth Opportunity,0.97
2025,W.P. Putrajaya,MY-16,Central,2.9264,101.6964,W.P. Labuan,MY-15,East Malaysia,5.2831,115.2308,True,True,1523.67,2.292,266.78499999999997,0.86,2.51,67.59,45.28,39.4,2298.0,423944.0,55107.0,11.5,0.39,0.499,459.3,Resilient Anchor,2.51,169.72,67.59,0.1194,45.28,Growth Opportunity,0.87
2025,Pulau Pinang,MY-07,Northern,5.4141,100.3288,W.P. Labuan,MY-15,East Malaysia,5.2831,115.2308,True,True,1649.84,1.795,266.78499999999997,0.67,2.51,67.59,45.28,39.4,2298.0,423944.0,55107.0,11.5,0.3,23.741,7.6,Emerging / Modest Growth,2.51,169.72,67.59,0.1194,45.28,Growth Opportunity,0.68
2025,W.P. Putrajaya,MY-16,Central,2.9264,101.6964,Sabah,MY-12,East Malaysia,5.9788,116.0753,True,True,1629.56,1.533,7359.888999999999,0.02,3.15,46.37,1073.57,54.1,27254.0,4445738.0,2900293.0,39.48,0.22,6.465,23.7,Emerging / Modest Growth,3.15,145.87,46.37,0.1101,1073.57,Growth Opportunity,0.08
2025,W.P. Labuan,MY-15,East Malaysia,5.2831,115.2308,W.P. Putrajaya,MY-16,Central,2.9264,101.6964,True,True,1523.67,1.53,906.098,0.17,2.5,31.44,71.17,56.0,2656.0,566830.0,222220.0,28.16,0.12,15.296,10.0,Emerging / Modest Growth,2.5,78.55,31.44,0.0576,71.17,Lower Strategic Priority,0.17
2025,Perlis,MY-09,Northern,6.4449,100.2048,Sarawak,MY-13,East Malaysia,2.5574,113.0012,True,True,1482.63,1.2,6329.894,0.02,3.1,44.42,872.6,47.3,28236.0,5760526.0,1222481.0,17.51,0.17,2.506,47.9,Emerging / Modest Growth,3.1,137.85,44.42,0.0955,872.6,Growth Opportunity,0.05
