year,state,latitude,longitude,visitors_thousands,tourists_thousands,excursionists_thousands,trips_thousands,alos_days,total_expenditure_rm_million,accommodation_expenditure_rm_million,food_expenditure_rm_million,shopping_expenditure_rm_million,transport_expenditure_rm_million,fuel_expenditure_rm_million,pretrip_package_rm_million,other_expenditure_rm_million,household_expenditure_rm_million,accommodation_share,spend_per_visitor_rm,spend_per_tourist_rm,spend_per_night_rm,tourist_nights_thousands,yield_typology,total_visitor_days_thousands,tourism_economic_yield_per_day_rm,excursionist_pressure_ratio,estimated_retained_gva_rm_million,value_retention_rate_pct,policy_prescription,paid_commercial_share_pct,unpaid_vfr_share_pct,hotel_share_pct,homestay_share_pct,apartment_share_pct,holiday_leisure_share_pct,vfr_purpose_share_pct,shopping_purpose_share_pct,medical_wellness_share_pct,business_mice_share_pct,private_vehicle_share_pct,air_transport_share_pct,bus_transport_share_pct,train_transport_share_pct,b40_share_pct,m40_share_pct,t20_share_pct,affluence_index,total_hotels,total_rooms,star_rated_rooms,star_room_share_pct,visitor_growth_pct,alos_delta_days,recovery_pattern
2025,W.P. Kuala Lumpur,3.139,101.6869,35059.93,10078.57,24981.36,36169.27,2.33,16906.19,1945.36,2285.16,7903.11,1241.07,1610.26,593.72,772.33,555.19,0.1151,55.49,193.02,82.96,23448.79,"Transit Spender (Short Stay, High Spend/Tourist)",48464.43,348.84,2.48,10239.87,60.57,"Capture day-trip leakage through night-time economy, cultural evening showcases, and secondary district circuit packaging.",49.6,50.4,25.1,7.0,11.7,28.69,35.54,10.18,3.05,8.92,90.7,0.0,5.9,2.3,33.0,40.1,26.9,93.9,255,50423,37073,73.52,54.9,-0.06,"Volume Recovered, Stay Lagging (Opportunity Gap)"
2025,Selangor,3.0738,101.5183,36376.44,10595.56,25780.89,40803.5,2.31,15761.73,1487.46,2482.16,6661.69,1043.95,2166.56,563.0,599.81,757.09,0.0944,40.89,140.39,60.67,24516.76,"Transit Spender (Short Stay, High Spend/Tourist)",50256.63,313.62,2.43,9294.05,58.97,"Capture day-trip leakage through night-time economy, cultural evening showcases, and secondary district circuit packaging.",44.9,55.1,20.3,11.6,8.3,32.5,50.51,7.04,0.05,0.54,90.9,0.0,6.6,1.6,49.6,34.1,16.3,66.7,211,26781,18842,70.36,8.3,0.07,Balanced Expansion (Volume & Stay Expanded)
2025,Pahang,3.8126,102.3256,23161.17,11045.98,12115.19,25285.26,2.21,9846.77,1312.31,1444.25,2965.38,608.29,1404.85,498.54,567.16,1045.99,0.1333,56.66,118.8,53.78,24399.37,"Transit Spender (Short Stay, High Spend/Tourist)",36526.81,269.58,1.1,5718.69,58.08,"Capture day-trip leakage through night-time economy, cultural evening showcases, and secondary district circuit packaging.",53.7,46.3,31.1,9.9,6.0,33.98,46.88,5.21,1.23,0.62,93.1,0.01,3.7,0.3,55.3,31.1,13.6,58.3,305,26037,17567,67.47,25.2,-0.28,"Volume Recovered, Stay Lagging (Opportunity Gap)"
2025,Sabah,5.9788,116.0753,22361.17,7359.89,15001.28,26440.76,3.15,9753.33,1073.57,1459.23,3589.15,836.01,1250.95,508.78,309.26,726.38,0.1101,48.01,145.87,46.37,23150.76,"High-Yield Destination (Long Stay, High Spend/Tourist)",38184.93,255.42,2.04,5636.89,57.79,Preserve premium yield; monitor environmental carrying capacity; protect luxury nature and heritage assets.,42.7,57.3,19.3,13.0,1.4,36.93,40.3,5.28,1.53,1.87,89.9,2.6,6.3,0.1,67.0,24.9,8.1,41.1,438,25692,12176,47.39,1.5,0.36,Balanced Expansion (Volume & Stay Expanded)
2025,Sarawak,2.5574,113.0012,22721.53,6329.89,16391.63,26387.97,3.1,9138.38,872.6,1314.35,3647.93,789.29,1266.91,296.2,310.81,640.28,0.0955,38.4,137.85,44.42,19642.56,"High-Yield Destination (Long Stay, High Spend/Tourist)",36014.29,253.74,2.59,5293.82,57.93,Preserve premium yield; monitor environmental carrying capacity; protect luxury nature and heritage assets.,43.5,56.5,21.3,9.6,7.1,22.28,59.32,6.52,1.5,1.49,94.7,0.1,2.0,0.5,60.5,30.0,9.5,49.0,390,22065,10555,47.84,14.8,-0.33,"Volume Recovered, Stay Lagging (Opportunity Gap)"
2025,Melaka,2.2458,102.2741,20832.2,7178.69,13653.51,26436.44,2.11,8732.4,954.52,1460.17,3125.36,485.0,1192.86,364.06,389.72,760.71,0.1093,45.82,132.97,63.0,15150.48,"Transit Spender (Short Stay, High Spend/Tourist)",28800.55,303.2,1.9,5104.57,58.46,"Capture day-trip leakage through night-time economy, cultural evening showcases, and secondary district circuit packaging.",58.3,41.7,30.7,14.2,9.5,41.23,43.0,3.84,1.18,0.31,89.6,0.0,4.8,1.0,54.0,35.4,10.6,56.6,181,20550,13351,64.97,49.0,-0.18,"Volume Recovered, Stay Lagging (Opportunity Gap)"
2025,Johor,1.9344,103.3587,18196.97,9821.9,8375.07,21246.66,2.68,8722.92,1131.27,1333.18,2746.98,692.67,1210.56,316.6,350.27,941.39,0.1297,62.17,115.18,42.98,26320.48,"Budget Retreat (Long Stay, Low Spend/Tourist)",34697.76,251.4,0.85,5023.99,57.6,"VFR monetization priority: Deepen commercial accommodation penetration, expand boutique eco-resorts, and monetize local heritage.",38.9,61.1,23.4,6.9,3.4,23.89,55.58,9.24,0.34,1.91,90.4,0.1,5.7,3.0,53.9,33.4,12.7,58.8,496,33768,17469,51.73,27.5,0.14,Balanced Expansion (Volume & Stay Expanded)
2025,Pulau Pinang,5.4141,100.3288,17717.98,5629.54,12088.43,21626.74,2.65,8490.36,1079.52,1378.62,3423.33,512.17,1019.16,368.57,347.86,361.13,0.1271,60.93,191.76,72.28,14934.65,"High-Yield Destination (Long Stay, High Spend/Tourist)",27006.71,314.38,2.15,5087.88,59.93,Preserve premium yield; monitor environmental carrying capacity; protect luxury nature and heritage assets.,54.6,45.4,34.7,7.0,10.0,34.3,60.94,0.48,0.16,0.81,92.3,0.0,3.9,0.8,55.1,32.5,12.4,57.3,253,25603,17157,67.01,15.0,0.15,Balanced Expansion (Volume & Stay Expanded)
2025,Perak,4.694,101.0901,23642.06,10413.82,13228.24,25696.51,2.44,8018.54,795.67,1637.04,2250.35,543.73,1390.86,228.12,269.12,903.66,0.0992,33.65,76.4,31.32,25403.19,"Volume Trap (Low ALOS, Low Spend/Tourist)",38637.96,207.53,1.27,4474.91,55.81,Commercial lodging conversion: Upgrade private VFR lodging into certified homestays; bundle multi-day experiential packages to lift ALOS.,36.0,64.0,17.4,9.4,3.5,18.99,61.6,4.28,0.94,3.21,95.7,1.0,3.2,0.5,60.9,29.3,9.8,48.9,341,18181,6828,37.56,12.2,0.23,Balanced Expansion (Volume & Stay Expanded)
2025,Negeri Sembilan,2.7258,102.243,19356.54,6547.02,12809.52,24064.31,2.29,6529.26,567.6,1151.8,2166.54,417.57,936.21,427.98,226.55,635.0,0.0869,29.32,86.7,37.78,15024.88,"Volume Trap (Low ALOS, Low Spend/Tourist)",27802.2,234.85,1.96,3705.04,56.75,"Shift focus from volume to length of stay; bundle evening cultural events, weekend passes, and premium boutique lodging.",44.6,55.4,24.1,9.0,8.3,34.62,44.87,6.37,1.29,5.51,94.1,0.1,2.6,0.1,58.8,29.1,12.1,53.3,160,13274,7615,57.37,45.5,-0.17,"Volume Recovered, Stay Lagging (Opportunity Gap)"
2025,Terengganu,4.881,103.1167,15462.28,5239.64,10222.64,18201.32,2.76,5795.14,489.09,1071.01,2245.8,366.95,785.51,157.56,243.74,435.48,0.0844,31.63,93.34,33.84,14453.14,"Budget Retreat (Long Stay, Low Spend/Tourist)",24684.05,234.77,1.95,3348.42,57.78,Formalize homestays and commercial lodging; monetize culinary and local craft experiences to increase spend per day.,44.9,55.1,18.5,10.9,8.2,29.49,47.17,5.82,1.65,5.33,94.0,0.01,5.3,0.1,68.9,22.4,8.7,39.8,251,11677,4966,42.53,9.2,0.18,Balanced Expansion (Volume & Stay Expanded)
2025,Kedah,6.1184,100.3685,15607.88,7124.85,8483.04,17650.07,2.82,5520.25,587.96,1040.12,1576.86,519.53,804.19,223.96,215.24,552.39,0.1065,37.67,82.52,29.27,20085.83,"Budget Retreat (Long Stay, Low Spend/Tourist)",28575.12,193.18,1.19,3058.02,55.4,"VFR monetization priority: Deepen commercial accommodation penetration, expand boutique eco-resorts, and monetize local heritage.",39.0,61.0,20.6,10.4,2.7,23.3,62.93,3.45,0.61,3.93,90.6,2.9,6.3,0.6,69.7,22.5,7.8,38.1,179,13539,7031,51.93,5.2,0.51,Balanced Expansion (Volume & Stay Expanded)
2025,Kelantan,5.3117,102.004,12062.02,6512.13,5549.89,13710.67,2.98,5239.01,486.94,925.23,1567.48,362.24,934.13,104.7,190.76,667.52,0.0929,40.37,74.77,25.11,19391.74,"Budget Retreat (Long Stay, Low Spend/Tourist)",24956.04,209.93,0.85,2939.46,56.11,"VFR monetization priority: Deepen commercial accommodation penetration, expand boutique eco-resorts, and monetize local heritage.",33.7,66.3,11.7,13.0,2.3,17.14,58.74,10.43,0.39,0.55,92.1,0.0,5.9,0.5,70.0,22.5,7.5,37.5,91,4360,2076,47.61,9.8,-0.03,"Volume Recovered, Stay Lagging (Opportunity Gap)"
2025,W.P. Putrajaya,2.9264,101.6964,3146.48,906.1,2240.39,3479.25,2.5,1235.86,71.17,239.73,464.92,115.04,185.87,39.09,55.47,64.57,0.0576,22.62,78.55,31.44,2263.44,"Volume Trap (Low ALOS, Low Spend/Tourist)",4505.64,274.29,2.47,685.82,55.49,"Shift focus from volume to length of stay; bundle evening cultural events, weekend passes, and premium boutique lodging.",59.2,40.8,25.5,19.6,8.3,24.12,69.07,1.14,0.68,1.38,95.7,0.0,3.8,0.4,37.8,48.1,14.1,76.3,7,1769,1731,97.85,61.4,-0.54,"Volume Recovered, Stay Lagging (Opportunity Gap)"
2025,Perlis,6.4449,100.2048,3755.68,1474.94,2280.75,4335.24,2.25,1211.2,118.12,246.45,327.52,101.61,213.86,35.91,38.48,129.25,0.0975,31.45,80.09,35.64,3313.86,"Volume Trap (Low ALOS, Low Spend/Tourist)",5599.36,216.31,1.55,666.06,54.99,Commercial lodging conversion: Upgrade private VFR lodging into certified homestays; bundle multi-day experiential packages to lift ALOS.,34.0,66.0,14.2,14.9,3.2,35.04,52.0,0.62,3.77,2.36,92.5,2.3,6.8,0.01,62.0,28.9,9.1,47.1,33,1321,386,29.22,79.9,-0.3,"Volume Recovered, Stay Lagging (Opportunity Gap)"
2025,W.P. Labuan,5.2831,115.2308,604.37,266.79,337.58,681.06,2.51,379.29,45.28,72.7,122.66,51.57,34.5,19.31,9.38,23.88,0.1194,74.92,169.72,67.59,669.94,"High-Yield Destination (Long Stay, High Spend/Tourist)",1007.22,376.57,1.27,209.44,55.22,Preserve premium yield; monitor environmental carrying capacity; protect luxury nature and heritage assets.,59.5,40.5,44.1,6.5,2.1,20.23,64.04,1.32,5.76,1.56,90.8,3.1,0.6,0.0,58.8,37.1,4.1,45.3,43,1858,866,46.61,15.4,-0.54,"Volume Recovered, Stay Lagging (Opportunity Gap)"
